REPORTING_PERIOD_START,REPORTING_PERIOD_END,STATUS,BREAKDOWN,PRIMARY_LEVEL,PRIMARY_LEVEL_DESCRIPTION,SECONDARY_LEVEL,SECONDARY_LEVEL_DESCRIPTION,MEASURE_ID,MEASURE_NAME,MEASURE_VALUE,month,year,high_demand
2022-01-04,30/04/2022,Final,England; Accommodation Type,England,England,1,Owner occupier,MHS01,People in contact with services at the end of the reporting period,95303,1,2022,1
2022-01-04,30/04/2022,Final,England; Accommodation Type,England,England,2,Tenant - Local Authority/Arms Length Management Organisation/registered social housing provider,MHS01,People in contact with services at the end of the reporting period,53681,1,2022,1
2022-01-04,30/04/2022,Final,England; Accommodation Type,England,England,3,Tenant - private landlord,MHS01,People in contact with services at the end of the reporting period,25254,1,2022,1
2022-01-04,30/04/2022,Final,England; Accommodation Type,England,England,4,Living with family,MHS01,People in contact with services at the end of the reporting period,54497,1,2022,1
2022-01-04,30/04/2022,Final,England; Accommodation Type,England,England,5,Living with friends,MHS01,People in contact with services at the end of the reporting period,17371,1,2022,1
2022-01-04,30/04/2022,Final,England; Accommodation Type,England,England,6,University or College accommodation,MHS01,People in contact with services at the end of the reporting period,1822,1,2022,0
2022-01-04,30/04/2022,Final,England; Accommodation Type,England,England,7,ACCOMMODATION tied to job (including Armed Forces),MHS01,People in contact with services at the end of the reporting period,143,1,2022,0
2022-01-04,30/04/2022,Final,England; Accommodation Type,England,England,8,Mobile ACCOMMODATION,MHS01,People in contact with services at the end of the reporting period,214,1,2022,0
2022-01-04,30/04/2022,Final,England; Accommodation Type,England,England,9,Care Home Services without Nursing,MHS01,People in contact with services at the end of the reporting period,9513,1,2022,1
2022-01-04,30/04/2022,Final,England; Accommodation Type,England,England,10,Care Home Services with Nursing,MHS01,People in contact with services at the end of the reporting period,8188,1,2022,1
2022-01-04,30/04/2022,Final,England; Accommodation Type,England,England,11,Specialist Housing (with suitable adaptations to meet impairment needs and support to live independently),MHS01,People in contact with services at the end of the reporting period,14344,1,2022,1
2022-01-04,30/04/2022,Final,England; Accommodation Type,England,England,12,Rough sleeper,MHS01,People in contact with services at the end of the reporting period,1594,1,2022,0
2022-01-04,30/04/2022,Final,England; Accommodation Type,England,England,13,Squatting,MHS01,People in contact with services at the end of the reporting period,379,1,2022,0
2022-01-04,30/04/2022,Final,England; Accommodation Type,England,England,14,Sofa surfing (sleeps on different friends floor each night),MHS01,People in contact with services at the end of the reporting period,652,1,2022,0
2022-01-04,30/04/2022,Final,England; Accommodation Type,England,England,15,Staying with friends/family as a short term guest,MHS01,People in contact with services at the end of the reporting period,21387,1,2022,1
2022-01-04,30/04/2022,Final,England; Accommodation Type,England,England,16,Bed and breakfast ACCOMMODATION to prevent or relieve homelessness,MHS01,People in contact with services at the end of the reporting period,1332,1,2022,0
2022-01-04,30/04/2022,Final,England; Accommodation Type,England,England,17,Sleeping in a night shelter,MHS01,People in contact with services at the end of the reporting period,482,1,2022,0
2022-01-04,30/04/2022,Final,England; Accommodation Type,England,England,18,Hostel to prevent or relieve homelessness,MHS01,People in contact with services at the end of the reporting period,808,1,2022,0
2022-01-04,30/04/2022,Final,England; Accommodation Type,England,England,19,Temporary housing to prevent or relieve homelessness,MHS01,People in contact with services at the end of the reporting period,1481,1,2022,0
2022-01-04,30/04/2022,Final,England; Accommodation Type,England,England,20,Admitted PATIENT settings,MHS01,People in contact with services at the end of the reporting period,6591,1,2022,1
2022-01-04,30/04/2022,Final,England; Accommodation Type,England,England,21,Criminal justice settings,MHS01,People in contact with services at the end of the reporting period,587,1,2022,0
2022-01-04,30/04/2022,Final,England; Accommodation Type,England,England,98,Other (not listed),MHS01,People in contact with services at the end of the reporting period,109838,1,2022,1
2022-01-04,30/04/2022,Final,England; Accommodation Type,England,England,UNKNOWN,UNKNOWN,MHS01,People in contact with services at the end of the reporting period,1161608,1,2022,1
2022-01-04,30/04/2022,Final,England; Age,England,England,0 to 5,0 to 5,MHS01,People in contact with services at the end of the reporting period,24908,1,2022,0
2022-01-04,30/04/2022,Final,England; Age,England,England,11 to 15,11 to 15,MHS01,People in contact with services at the end of the reporting period,228884,1,2022,1
2022-01-04,30/04/2022,Final,England; Age,England,England,16,16,MHS01,People in contact with services at the end of the reporting period,54477,1,2022,0
2022-01-04,30/04/2022,Final,England; Age,England,England,17,17,MHS01,People in contact with services at the end of the reporting period,44002,1,2022,0
2022-01-04,30/04/2022,Final,England; Age,England,England,18,18,MHS01,People in contact with services at the end of the reporting period,28395,1,2022,0
2022-01-04,30/04/2022,Final,England; Age,England,England,19,19,MHS01,People in contact with services at the end of the reporting period,23479,1,2022,0
2022-01-04,30/04/2022,Final,England; Age,England,England,20 to 24,20 to 24,MHS01,People in contact with services at the end of the reporting period,119538,1,2022,1
2022-01-04,30/04/2022,Final,England; Age,England,England,25 to 29,25 to 29,MHS01,People in contact with services at the end of the reporting period,112966,1,2022,1
2022-01-04,30/04/2022,Final,England; Age,England,England,30 to 34,30 to 34,MHS01,People in contact with services at the end of the reporting period,106772,1,2022,1
2022-01-04,30/04/2022,Final,England; Age,England,England,35 to 39,35 to 39,MHS01,People in contact with services at the end of the reporting period,91007,1,2022,1
2022-01-04,30/04/2022,Final,England; Age,England,England,40 to 44,40 to 44,MHS01,People in contact with services at the end of the reporting period,79187,1,2022,1
2022-01-04,30/04/2022,Final,England; Age,England,England,45 to 49,45 to 49,MHS01,People in contact with services at the end of the reporting period,70502,1,2022,1
2022-01-04,30/04/2022,Final,England; Age,England,England,50 to 54,50 to 54,MHS01,People in contact with services at the end of the reporting period,72872,1,2022,1
2022-01-04,30/04/2022,Final,England; Age,England,England,55 to 59,55 to 59,MHS01,People in contact with services at the end of the reporting period,66828,1,2022,1
2022-01-04,30/04/2022,Final,England; Age,England,England,6 to 10,6 to 10,MHS01,People in contact with services at the end of the reporting period,116668,1,2022,1
2022-01-04,30/04/2022,Final,England; Age,England,England,60 to 64,60 to 64,MHS01,People in contact with services at the end of the reporting period,52393,1,2022,0
2022-01-04,30/04/2022,Final,England; Age,England,England,65 to 69,65 to 69,MHS01,People in contact with services at the end of the reporting period,42228,1,2022,0
2022-01-04,30/04/2022,Final,England; Age,England,England,70 to 74,70 to 74,MHS01,People in contact with services at the end of the reporting period,47431,1,2022,0
2022-01-04,30/04/2022,Final,England; Age,England,England,75 to 79,75 to 79,MHS01,People in contact with services at the end of the reporting period,60492,1,2022,0
2022-01-04,30/04/2022,Final,England; Age,England,England,80 to 84,80 to 84,MHS01,People in contact with services at the end of the reporting period,60245,1,2022,0
2022-01-04,30/04/2022,Final,England; Age,England,England,85 to 89,85 to 89,MHS01,People in contact with services at the end of the reporting period,51432,1,2022,0
2022-01-04,30/04/2022,Final,England; Age,England,England,90 or over,90 or over,MHS01,People in contact with services at the end of the reporting period,30669,1,2022,0
2022-01-04,30/04/2022,Final,England; Age,England,England,UNKNOWN,UNKNOWN,MHS01,People in contact with services at the end of the reporting period,1694,1,2022,0
2022-01-04,30/04/2022,Final,England; Disability,England,England,1,Behaviour and Emotional,MHS01,People in contact with services at the end of the reporting period,37552,1,2022,1
2022-01-04,30/04/2022,Final,England; Disability,England,England,2,Hearing,MHS01,People in contact with services at the end of the reporting period,10335,1,2022,0
2022-01-04,30/04/2022,Final,England; Disability,England,England,3,Manual Dexterity,MHS01,People in contact with services at the end of the reporting period,5573,1,2022,0
2022-01-04,30/04/2022,Final,England; Disability,England,England,4,"Memory or ability to concentrate, learn or understand (Learning Disability)",MHS01,People in contact with services at the end of the reporting period,30252,1,2022,1
2022-01-04,30/04/2022,Final,England; Disability,England,England,5,Mobility and Gross Motor,MHS01,People in contact with services at the end of the reporting period,20164,1,2022,1
2022-01-04,30/04/2022,Final,England; Disability,England,England,6,Perception of Physical Danger,MHS01,People in contact with services at the end of the reporting period,6103,1,2022,0
2022-01-04,30/04/2022,Final,England; Disability,England,England,7,"Personal, Self Care and Continence",MHS01,People in contact with services at the end of the reporting period,14629,1,2022,0
2022-01-04,30/04/2022,Final,England; Disability,England,England,8,"Progressive Conditions and Physical Health (such as HIV, cancer, multiple sclerosis, fits etc)",MHS01,People in contact with services at the end of the reporting period,17478,1,2022,0
2022-01-04,30/04/2022,Final,England; Disability,England,England,9,Sight,MHS01,People in contact with services at the end of the reporting period,14446,1,2022,0
2022-01-04,30/04/2022,Final,England; Disability,England,England,10,Speech,MHS01,People in contact with services at the end of the reporting period,11858,1,2022,0
2022-01-04,30/04/2022,Final,England; Disability,England,England,NN,No DISABILITY,MHS01,People in contact with services at the end of the reporting period,82432,1,2022,1
2022-01-04,30/04/2022,Final,England; Disability,England,England,UNKNOWN,UNKNOWN,MHS01,People in contact with services at the end of the reporting period,1366881,1,2022,1
2022-01-04,30/04/2022,Final,England; Disability,England,England,XX,Other (not listed),MHS01,People in contact with services at the end of the reporting period,22868,1,2022,1
2022-01-04,30/04/2022,Final,England; Disability,England,England,ZZ,Not Stated (PERSON asked but declined to provide a response),MHS01,People in contact with services at the end of the reporting period,34982,1,2022,1
2022-01-04,30/04/2022,Final,England; Employment Status,England,England,1,Employed,MHS01,People in contact with services at the end of the reporting period,50837,1,2022,0
2022-01-04,30/04/2022,Final,England; Employment Status,England,England,2,Unemployed and actively seeking work,MHS01,People in contact with services at the end of the reporting period,52873,1,2022,1
2022-01-04,30/04/2022,Final,England; Employment Status,England,England,3,Undertaking full (at least 16 hours per week) or part-time (less than 16 hours per week) education or training as a student and not working or actively seeking work,MHS01,People in contact with services at the end of the reporting period,68566,1,2022,1
2022-01-04,30/04/2022,Final,England; Employment Status,England,England,4,"Long-term sick or disabled, those receiving government sickness and disability benefits",MHS01,People in contact with services at the end of the reporting period,76053,1,2022,1
2022-01-04,30/04/2022,Final,England; Employment Status,England,England,5,Looking after the family or home as a homemaker and not working or actively seeking work,MHS01,People in contact with services at the end of the reporting period,6277,1,2022,0
2022-01-04,30/04/2022,Final,England; Employment Status,England,England,6,Not receiving government sickness and disability benefits and not working or actively seeking work,MHS01,People in contact with services at the end of the reporting period,5411,1,2022,0
2022-01-04,30/04/2022,Final,England; Employment Status,England,England,7,Unpaid voluntary work and not working or actively seeking work,MHS01,People in contact with services at the end of the reporting period,2355,1,2022,0
2022-01-04,30/04/2022,Final,England; Employment Status,England,England,8,Retired,MHS01,People in contact with services at the end of the reporting period,77089,1,2022,1
2022-01-04,30/04/2022,Final,England; Employment Status,England,England,UNKNOWN,UNKNOWN,MHS01,People in contact with services at the end of the reporting period,1205756,1,2022,1
2022-01-04,30/04/2022,Final,England; Employment Status,England,England,ZZ,Not Stated (PERSON asked but declined to provide a response),MHS01,People in contact with services at the end of the reporting period,41852,1,2022,0
2022-01-04,30/04/2022,Final,England; Ethnicity,England,England,99,Not Known,MHS01,People in contact with services at the end of the reporting period,108133,1,2022,1
2022-01-04,30/04/2022,Final,England; Ethnicity,England,England,A,British,MHS01,People in contact with services at the end of the reporting period,986408,1,2022,1
2022-01-04,30/04/2022,Final,England; Ethnicity,England,England,B,Irish,MHS01,People in contact with services at the end of the reporting period,9866,1,2022,0
2022-01-04,30/04/2022,Final,England; Ethnicity,England,England,C,Any other White background,MHS01,People in contact with services at the end of the reporting period,60642,1,2022,1
2022-01-04,30/04/2022,Final,England; Ethnicity,England,England,D,White and Black Caribbean,MHS01,People in contact with services at the end of the reporting period,14333,1,2022,0
2022-01-04,30/04/2022,Final,England; Ethnicity,England,England,E,White and Black African,MHS01,People in contact with services at the end of the reporting period,5365,1,2022,0
2022-01-04,30/04/2022,Final,England; Ethnicity,England,England,F,White and Asian,MHS01,People in contact with services at the end of the reporting period,7808,1,2022,0
2022-01-04,30/04/2022,Final,England; Ethnicity,England,England,G,Any other mixed background,MHS01,People in contact with services at the end of the reporting period,30930,1,2022,1
2022-01-04,30/04/2022,Final,England; Ethnicity,England,England,H,Indian,MHS01,People in contact with services at the end of the reporting period,21130,1,2022,0
2022-01-04,30/04/2022,Final,England; Ethnicity,England,England,J,Pakistani,MHS01,People in contact with services at the end of the reporting period,25166,1,2022,1
2022-01-04,30/04/2022,Final,England; Ethnicity,England,England,K,Bangladeshi,MHS01,People in contact with services at the end of the reporting period,10087,1,2022,0
2022-01-04,30/04/2022,Final,England; Ethnicity,England,England,L,Any other Asian background,MHS01,People in contact with services at the end of the reporting period,17805,1,2022,0
2022-01-04,30/04/2022,Final,England; Ethnicity,England,England,M,Caribbean,MHS01,People in contact with services at the end of the reporting period,19417,1,2022,0
2022-01-04,30/04/2022,Final,England; Ethnicity,England,England,N,African,MHS01,People in contact with services at the end of the reporting period,20964,1,2022,0
2022-01-04,30/04/2022,Final,England; Ethnicity,England,England,P,Any other Black background,MHS01,People in contact with services at the end of the reporting period,15618,1,2022,0
2022-01-04,30/04/2022,Final,England; Ethnicity,England,England,R,Chinese,MHS01,People in contact with services at the end of the reporting period,3447,1,2022,0
2022-01-04,30/04/2022,Final,England; Ethnicity,England,England,S,Any other ethnic group,MHS01,People in contact with services at the end of the reporting period,36894,1,2022,1
2022-01-04,30/04/2022,Final,England; Ethnicity,England,England,UNKNOWN,UNKNOWN,MHS01,People in contact with services at the end of the reporting period,44282,1,2022,1
2022-01-04,30/04/2022,Final,England; Ethnicity,England,England,Z,Not stated,MHS01,People in contact with services at the end of the reporting period,148774,1,2022,1
2022-01-04,30/04/2022,Final,England; Gender,England,England,1,Male (including trans man),MHS01,People in contact with services at the end of the reporting period,730250,1,2022,1
2022-01-04,30/04/2022,Final,England; Gender,England,England,2,Female (including trans woman),MHS01,People in contact with services at the end of the reporting period,838302,1,2022,1
2022-01-04,30/04/2022,Final,England; Gender,England,England,3,Non-binary,MHS01,People in contact with services at the end of the reporting period,1763,1,2022,0
2022-01-04,30/04/2022,Final,England; Gender,England,England,4,Other (not listed),MHS01,People in contact with services at the end of the reporting period,809,1,2022,0
2022-01-04,30/04/2022,Final,England; Gender,England,England,9,Indeterminate (unable to be classified as either male or female),MHS01,People in contact with services at the end of the reporting period,1248,1,2022,0
2022-01-04,30/04/2022,Final,England; Gender,England,England,UNKNOWN,UNKNOWN,MHS01,People in contact with services at the end of the reporting period,14697,1,2022,1
2022-01-04,30/04/2022,Final,England; IMD Decile,England,England,01 Most deprived,01 Most deprived,MHS01,People in contact with services at the end of the reporting period,232072,1,2022,1
2022-01-04,30/04/2022,Final,England; IMD Decile,England,England,02 More deprived,02 More deprived,MHS01,People in contact with services at the end of the reporting period,203260,1,2022,1
2022-01-04,30/04/2022,Final,England; IMD Decile,England,England,03 More deprived,03 More deprived,MHS01,People in contact with services at the end of the reporting period,187424,1,2022,1
2022-01-04,30/04/2022,Final,England; IMD Decile,England,England,04 More deprived,04 More deprived,MHS01,People in contact with services at the end of the reporting period,166552,1,2022,1
2022-01-04,30/04/2022,Final,England; IMD Decile,England,England,05 More deprived,05 More deprived,MHS01,People in contact with services at the end of the reporting period,150884,1,2022,1
2022-01-04,30/04/2022,Final,England; IMD Decile,England,England,06 Less deprived,06 Less deprived,MHS01,People in contact with services at the end of the reporting period,141065,1,2022,0
2022-01-04,30/04/2022,Final,England; IMD Decile,England,England,07 Less deprived,07 Less deprived,MHS01,People in contact with services at the end of the reporting period,130675,1,2022,0
2022-01-04,30/04/2022,Final,England; IMD Decile,England,England,08 Less deprived,08 Less deprived,MHS01,People in contact with services at the end of the reporting period,123727,1,2022,0
2022-01-04,30/04/2022,Final,England; IMD Decile,England,England,09 Less deprived,09 Less deprived,MHS01,People in contact with services at the end of the reporting period,115516,1,2022,0
2022-01-04,30/04/2022,Final,England; IMD Decile,England,England,10 Least deprived,10 Least deprived,MHS01,People in contact with services at the end of the reporting period,106699,1,2022,0
2022-01-04,30/04/2022,Final,England; IMD Decile,England,England,UNKNOWN,UNKNOWN,MHS01,People in contact with services at the end of the reporting period,29195,1,2022,0
2022-01-04,30/04/2022,Final,England; Sexual Orientation,England,England,Asexual (not sexually attracted to either gender),Asexual (not sexually attracted to either gender),MHS01,People in contact with services at the end of the reporting period,1023,1,2022,0
2022-01-04,30/04/2022,Final,England; Sexual Orientation,England,England,Bisexual,Bisexual,MHS01,People in contact with services at the end of the reporting period,6818,1,2022,0
2022-01-04,30/04/2022,Final,England; Sexual Orientation,England,England,Gay or Lesbian,Gay or Lesbian,MHS01,People in contact with services at the end of the reporting period,3887,1,2022,0
2022-01-04,30/04/2022,Final,England; Sexual Orientation,England,England,Heterosexual or Straight,Heterosexual or Straight,MHS01,People in contact with services at the end of the reporting period,196605,1,2022,1
2022-01-04,30/04/2022,Final,England; Sexual Orientation,England,England,Not Stated (Person asked but declined to provide a response),Not Stated (Person asked but declined to provide a response),MHS01,People in contact with services at the end of the reporting period,30406,1,2022,1
2022-01-04,30/04/2022,Final,England; Sexual Orientation,England,England,Not known (not recorded),Not known (not recorded),MHS01,People in contact with services at the end of the reporting period,176993,1,2022,1
2022-01-04,30/04/2022,Final,England; Sexual Orientation,England,England,Person asked and does not know or is not sure,Person asked and does not know or is not sure,MHS01,People in contact with services at the end of the reporting period,2679,1,2022,0
2022-01-04,30/04/2022,Final,England; Sexual Orientation,England,England,UNKNOWN,UNKNOWN,MHS01,People in contact with services at the end of the reporting period,1168710,1,2022,1
2022-01-05,31/05/2022,Final,England; Accommodation Type,England,England,1,Owner occupier,MHS01,People in contact with services at the end of the reporting period,95928,1,2022,1
2022-01-05,31/05/2022,Final,England; Accommodation Type,England,England,2,Tenant - Local Authority/Arms Length Management Organisation/registered social housing provider,MHS01,People in contact with services at the end of the reporting period,53312,1,2022,1
2022-01-05,31/05/2022,Final,England; Accommodation Type,England,England,3,Tenant - private landlord,MHS01,People in contact with services at the end of the reporting period,25213,1,2022,1
2022-01-05,31/05/2022,Final,England; Accommodation Type,England,England,4,Living with family,MHS01,People in contact with services at the end of the reporting period,56396,1,2022,1
2022-01-05,31/05/2022,Final,England; Accommodation Type,England,England,5,Living with friends,MHS01,People in contact with services at the end of the reporting period,17340,1,2022,1
2022-01-05,31/05/2022,Final,England; Accommodation Type,England,England,6,University or College accommodation,MHS01,People in contact with services at the end of the reporting period,1688,1,2022,0
2022-01-05,31/05/2022,Final,England; Accommodation Type,England,England,7,ACCOMMODATION tied to job (including Armed Forces),MHS01,People in contact with services at the end of the reporting period,136,1,2022,0
2022-01-05,31/05/2022,Final,England; Accommodation Type,England,England,8,Mobile ACCOMMODATION,MHS01,People in contact with services at the end of the reporting period,210,1,2022,0
2022-01-05,31/05/2022,Final,England; Accommodation Type,England,England,9,Care Home Services without Nursing,MHS01,People in contact with services at the end of the reporting period,8948,1,2022,1
2022-01-05,31/05/2022,Final,England; Accommodation Type,England,England,10,Care Home Services with Nursing,MHS01,People in contact with services at the end of the reporting period,8483,1,2022,1
2022-01-05,31/05/2022,Final,England; Accommodation Type,England,England,11,Specialist Housing (with suitable adaptations to meet impairment needs and support to live independently),MHS01,People in contact with services at the end of the reporting period,14223,1,2022,1
2022-01-05,31/05/2022,Final,England; Accommodation Type,England,England,12,Rough sleeper,MHS01,People in contact with services at the end of the reporting period,1569,1,2022,0
2022-01-05,31/05/2022,Final,England; Accommodation Type,England,England,13,Squatting,MHS01,People in contact with services at the end of the reporting period,417,1,2022,0
2022-01-05,31/05/2022,Final,England; Accommodation Type,England,England,14,Sofa surfing (sleeps on different friends floor each night),MHS01,People in contact with services at the end of the reporting period,624,1,2022,0
2022-01-05,31/05/2022,Final,England; Accommodation Type,England,England,15,Staying with friends/family as a short term guest,MHS01,People in contact with services at the end of the reporting period,21602,1,2022,1
2022-01-05,31/05/2022,Final,England; Accommodation Type,England,England,16,Bed and breakfast ACCOMMODATION to prevent or relieve homelessness,MHS01,People in contact with services at the end of the reporting period,1380,1,2022,0
2022-01-05,31/05/2022,Final,England; Accommodation Type,England,England,17,Sleeping in a night shelter,MHS01,People in contact with services at the end of the reporting period,476,1,2022,0
2022-01-05,31/05/2022,Final,England; Accommodation Type,England,England,18,Hostel to prevent or relieve homelessness,MHS01,People in contact with services at the end of the reporting period,900,1,2022,0
2022-01-05,31/05/2022,Final,England; Accommodation Type,England,England,19,Temporary housing to prevent or relieve homelessness,MHS01,People in contact with services at the end of the reporting period,1538,1,2022,0
2022-01-05,31/05/2022,Final,England; Accommodation Type,England,England,20,Admitted PATIENT settings,MHS01,People in contact with services at the end of the reporting period,6704,1,2022,1
2022-01-05,31/05/2022,Final,England; Accommodation Type,England,England,21,Criminal justice settings,MHS01,People in contact with services at the end of the reporting period,697,1,2022,0
2022-01-05,31/05/2022,Final,England; Accommodation Type,England,England,98,Other (not listed),MHS01,People in contact with services at the end of the reporting period,109630,1,2022,1
2022-01-05,31/05/2022,Final,England; Accommodation Type,England,England,UNKNOWN,UNKNOWN,MHS01,People in contact with services at the end of the reporting period,1185581,1,2022,1
2022-01-05,31/05/2022,Final,England; Age,England,England,0 to 5,0 to 5,MHS01,People in contact with services at the end of the reporting period,25380,1,2022,0
2022-01-05,31/05/2022,Final,England; Age,England,England,11 to 15,11 to 15,MHS01,People in contact with services at the end of the reporting period,239395,1,2022,1
2022-01-05,31/05/2022,Final,England; Age,England,England,16,16,MHS01,People in contact with services at the end of the reporting period,55336,1,2022,0
2022-01-05,31/05/2022,Final,England; Age,England,England,17,17,MHS01,People in contact with services at the end of the reporting period,44938,1,2022,0
2022-01-05,31/05/2022,Final,England; Age,England,England,18,18,MHS01,People in contact with services at the end of the reporting period,28644,1,2022,0
2022-01-05,31/05/2022,Final,England; Age,England,England,19,19,MHS01,People in contact with services at the end of the reporting period,23671,1,2022,0
2022-01-05,31/05/2022,Final,England; Age,England,England,20 to 24,20 to 24,MHS01,People in contact with services at the end of the reporting period,120959,1,2022,1
2022-01-05,31/05/2022,Final,England; Age,England,England,25 to 29,25 to 29,MHS01,People in contact with services at the end of the reporting period,114757,1,2022,1
2022-01-05,31/05/2022,Final,England; Age,England,England,30 to 34,30 to 34,MHS01,People in contact with services at the end of the reporting period,108484,1,2022,1
2022-01-05,31/05/2022,Final,England; Age,England,England,35 to 39,35 to 39,MHS01,People in contact with services at the end of the reporting period,92539,1,2022,1
2022-01-05,31/05/2022,Final,England; Age,England,England,40 to 44,40 to 44,MHS01,People in contact with services at the end of the reporting period,79927,1,2022,1
2022-01-05,31/05/2022,Final,England; Age,England,England,45 to 49,45 to 49,MHS01,People in contact with services at the end of the reporting period,70920,1,2022,1
2022-01-05,31/05/2022,Final,England; Age,England,England,50 to 54,50 to 54,MHS01,People in contact with services at the end of the reporting period,73379,1,2022,1
2022-01-05,31/05/2022,Final,England; Age,England,England,55 to 59,55 to 59,MHS01,People in contact with services at the end of the reporting period,67313,1,2022,1
2022-01-05,31/05/2022,Final,England; Age,England,England,6 to 10,6 to 10,MHS01,People in contact with services at the end of the reporting period,119237,1,2022,1
2022-01-05,31/05/2022,Final,England; Age,England,England,60 to 64,60 to 64,MHS01,People in contact with services at the end of the reporting period,52927,1,2022,0
2022-01-05,31/05/2022,Final,England; Age,England,England,65 to 69,65 to 69,MHS01,People in contact with services at the end of the reporting period,42525,1,2022,0
2022-01-05,31/05/2022,Final,England; Age,England,England,70 to 74,70 to 74,MHS01,People in contact with services at the end of the reporting period,47552,1,2022,0
2022-01-05,31/05/2022,Final,England; Age,England,England,75 to 79,75 to 79,MHS01,People in contact with services at the end of the reporting period,61133,1,2022,0
2022-01-05,31/05/2022,Final,England; Age,England,England,80 to 84,80 to 84,MHS01,People in contact with services at the end of the reporting period,60482,1,2022,0
2022-01-05,31/05/2022,Final,England; Age,England,England,85 to 89,85 to 89,MHS01,People in contact with services at the end of the reporting period,51704,1,2022,0
2022-01-05,31/05/2022,Final,England; Age,England,England,90 or over,90 or over,MHS01,People in contact with services at the end of the reporting period,30846,1,2022,0
2022-01-05,31/05/2022,Final,England; Age,England,England,UNKNOWN,UNKNOWN,MHS01,People in contact with services at the end of the reporting period,947,1,2022,0
2022-01-05,31/05/2022,Final,England; Disability,England,England,1,Behaviour and Emotional,MHS01,People in contact with services at the end of the reporting period,37603,1,2022,1
2022-01-05,31/05/2022,Final,England; Disability,England,England,2,Hearing,MHS01,People in contact with services at the end of the reporting period,10445,1,2022,0
2022-01-05,31/05/2022,Final,England; Disability,England,England,3,Manual Dexterity,MHS01,People in contact with services at the end of the reporting period,5520,1,2022,0
2022-01-05,31/05/2022,Final,England; Disability,England,England,4,"Memory or ability to concentrate, learn or understand (Learning Disability)",MHS01,People in contact with services at the end of the reporting period,30402,1,2022,1
2022-01-05,31/05/2022,Final,England; Disability,England,England,5,Mobility and Gross Motor,MHS01,People in contact with services at the end of the reporting period,20196,1,2022,1
2022-01-05,31/05/2022,Final,England; Disability,England,England,6,Perception of Physical Danger,MHS01,People in contact with services at the end of the reporting period,6160,1,2022,0
2022-01-05,31/05/2022,Final,England; Disability,England,England,7,"Personal, Self Care and Continence",MHS01,People in contact with services at the end of the reporting period,14601,1,2022,0
2022-01-05,31/05/2022,Final,England; Disability,England,England,8,"Progressive Conditions and Physical Health (such as HIV, cancer, multiple sclerosis, fits etc)",MHS01,People in contact with services at the end of the reporting period,17639,1,2022,0
2022-01-05,31/05/2022,Final,England; Disability,England,England,9,Sight,MHS01,People in contact with services at the end of the reporting period,14543,1,2022,0
2022-01-05,31/05/2022,Final,England; Disability,England,England,10,Speech,MHS01,People in contact with services at the end of the reporting period,12113,1,2022,0
2022-01-05,31/05/2022,Final,England; Disability,England,England,NN,No DISABILITY,MHS01,People in contact with services at the end of the reporting period,82520,1,2022,1
2022-01-05,31/05/2022,Final,England; Disability,England,England,UNKNOWN,UNKNOWN,MHS01,People in contact with services at the end of the reporting period,1391480,1,2022,1
2022-01-05,31/05/2022,Final,England; Disability,England,England,XX,Other (not listed),MHS01,People in contact with services at the end of the reporting period,22048,1,2022,1
2022-01-05,31/05/2022,Final,England; Disability,England,England,ZZ,Not Stated (PERSON asked but declined to provide a response),MHS01,People in contact with services at the end of the reporting period,33060,1,2022,1
2022-01-05,31/05/2022,Final,England; Employment Status,England,England,1,Employed,MHS01,People in contact with services at the end of the reporting period,51289,1,2022,0
2022-01-05,31/05/2022,Final,England; Employment Status,England,England,2,Unemployed and actively seeking work,MHS01,People in contact with services at the end of the reporting period,53160,1,2022,1
2022-01-05,31/05/2022,Final,England; Employment Status,England,England,3,Undertaking full (at least 16 hours per week) or part-time (less than 16 hours per week) education or training as a student and not working or actively seeking work,MHS01,People in contact with services at the end of the reporting period,69208,1,2022,1
2022-01-05,31/05/2022,Final,England; Employment Status,England,England,4,"Long-term sick or disabled, those receiving government sickness and disability benefits",MHS01,People in contact with services at the end of the reporting period,75365,1,2022,1
2022-01-05,31/05/2022,Final,England; Employment Status,England,England,5,Looking after the family or home as a homemaker and not working or actively seeking work,MHS01,People in contact with services at the end of the reporting period,6211,1,2022,0
2022-01-05,31/05/2022,Final,England; Employment Status,England,England,6,Not receiving government sickness and disability benefits and not working or actively seeking work,MHS01,People in contact with services at the end of the reporting period,5427,1,2022,0
2022-01-05,31/05/2022,Final,England; Employment Status,England,England,7,Unpaid voluntary work and not working or actively seeking work,MHS01,People in contact with services at the end of the reporting period,2475,1,2022,0
2022-01-05,31/05/2022,Final,England; Employment Status,England,England,8,Retired,MHS01,People in contact with services at the end of the reporting period,77339,1,2022,1
2022-01-05,31/05/2022,Final,England; Employment Status,England,England,UNKNOWN,UNKNOWN,MHS01,People in contact with services at the end of the reporting period,1230620,1,2022,1
2022-01-05,31/05/2022,Final,England; Employment Status,England,England,ZZ,Not Stated (PERSON asked but declined to provide a response),MHS01,People in contact with services at the end of the reporting period,41901,1,2022,0
2022-01-05,31/05/2022,Final,England; Ethnicity,England,England,99,Not Known,MHS01,People in contact with services at the end of the reporting period,110732,1,2022,1
2022-01-05,31/05/2022,Final,England; Ethnicity,England,England,A,British,MHS01,People in contact with services at the end of the reporting period,1001011,1,2022,1
2022-01-05,31/05/2022,Final,England; Ethnicity,England,England,B,Irish,MHS01,People in contact with services at the end of the reporting period,9992,1,2022,0
2022-01-05,31/05/2022,Final,England; Ethnicity,England,England,C,Any other White background,MHS01,People in contact with services at the end of the reporting period,61417,1,2022,1
2022-01-05,31/05/2022,Final,England; Ethnicity,England,England,D,White and Black Caribbean,MHS01,People in contact with services at the end of the reporting period,14588,1,2022,0
2022-01-05,31/05/2022,Final,England; Ethnicity,England,England,E,White and Black African,MHS01,People in contact with services at the end of the reporting period,5473,1,2022,0
2022-01-05,31/05/2022,Final,England; Ethnicity,England,England,F,White and Asian,MHS01,People in contact with services at the end of the reporting period,7945,1,2022,0
2022-01-05,31/05/2022,Final,England; Ethnicity,England,England,G,Any other mixed background,MHS01,People in contact with services at the end of the reporting period,31835,1,2022,1
2022-01-05,31/05/2022,Final,England; Ethnicity,England,England,H,Indian,MHS01,People in contact with services at the end of the reporting period,21811,1,2022,1
2022-01-05,31/05/2022,Final,England; Ethnicity,England,England,J,Pakistani,MHS01,People in contact with services at the end of the reporting period,25519,1,2022,1
2022-01-05,31/05/2022,Final,England; Ethnicity,England,England,K,Bangladeshi,MHS01,People in contact with services at the end of the reporting period,10271,1,2022,0
2022-01-05,31/05/2022,Final,England; Ethnicity,England,England,L,Any other Asian background,MHS01,People in contact with services at the end of the reporting period,17896,1,2022,0
2022-01-05,31/05/2022,Final,England; Ethnicity,England,England,M,Caribbean,MHS01,People in contact with services at the end of the reporting period,19643,1,2022,0
2022-01-05,31/05/2022,Final,England; Ethnicity,England,England,N,African,MHS01,People in contact with services at the end of the reporting period,21493,1,2022,1
2022-01-05,31/05/2022,Final,England; Ethnicity,England,England,P,Any other Black background,MHS01,People in contact with services at the end of the reporting period,15793,1,2022,0
2022-01-05,31/05/2022,Final,England; Ethnicity,England,England,R,Chinese,MHS01,People in contact with services at the end of the reporting period,3522,1,2022,0
2022-01-05,31/05/2022,Final,England; Ethnicity,England,England,S,Any other ethnic group,MHS01,People in contact with services at the end of the reporting period,37379,1,2022,1
2022-01-05,31/05/2022,Final,England; Ethnicity,England,England,UNKNOWN,UNKNOWN,MHS01,People in contact with services at the end of the reporting period,45380,1,2022,1
2022-01-05,31/05/2022,Final,England; Ethnicity,England,England,Z,Not stated,MHS01,People in contact with services at the end of the reporting period,151295,1,2022,1
2022-01-05,31/05/2022,Final,England; Gender,England,England,1,Male (including trans man),MHS01,People in contact with services at the end of the reporting period,740759,1,2022,1
2022-01-05,31/05/2022,Final,England; Gender,England,England,2,Female (including trans woman),MHS01,People in contact with services at the end of the reporting period,853402,1,2022,1
2022-01-05,31/05/2022,Final,England; Gender,England,England,3,Non-binary,MHS01,People in contact with services at the end of the reporting period,1878,1,2022,0
2022-01-05,31/05/2022,Final,England; Gender,England,England,4,Other (not listed),MHS01,People in contact with services at the end of the reporting period,857,1,2022,0
2022-01-05,31/05/2022,Final,England; Gender,England,England,9,Indeterminate (unable to be classified as either male or female),MHS01,People in contact with services at the end of the reporting period,1283,1,2022,0
2022-01-05,31/05/2022,Final,England; Gender,England,England,UNKNOWN,UNKNOWN,MHS01,People in contact with services at the end of the reporting period,14816,1,2022,1
2022-01-05,31/05/2022,Final,England; IMD Decile,England,England,01 Most deprived,01 Most deprived,MHS01,People in contact with services at the end of the reporting period,235237,1,2022,1
2022-01-05,31/05/2022,Final,England; IMD Decile,England,England,02 More deprived,02 More deprived,MHS01,People in contact with services at the end of the reporting period,206313,1,2022,1
2022-01-05,31/05/2022,Final,England; IMD Decile,England,England,03 More deprived,03 More deprived,MHS01,People in contact with services at the end of the reporting period,189596,1,2022,1
2022-01-05,31/05/2022,Final,England; IMD Decile,England,England,04 More deprived,04 More deprived,MHS01,People in contact with services at the end of the reporting period,169053,1,2022,1
2022-01-05,31/05/2022,Final,England; IMD Decile,England,England,05 More deprived,05 More deprived,MHS01,People in contact with services at the end of the reporting period,153045,1,2022,1
2022-01-05,31/05/2022,Final,England; IMD Decile,England,England,06 Less deprived,06 Less deprived,MHS01,People in contact with services at the end of the reporting period,143216,1,2022,0
2022-01-05,31/05/2022,Final,England; IMD Decile,England,England,07 Less deprived,07 Less deprived,MHS01,People in contact with services at the end of the reporting period,132171,1,2022,0
2022-01-05,31/05/2022,Final,England; IMD Decile,England,England,08 Less deprived,08 Less deprived,MHS01,People in contact with services at the end of the reporting period,125335,1,2022,0
2022-01-05,31/05/2022,Final,England; IMD Decile,England,England,09 Less deprived,09 Less deprived,MHS01,People in contact with services at the end of the reporting period,117119,1,2022,0
2022-01-05,31/05/2022,Final,England; IMD Decile,England,England,10 Least deprived,10 Least deprived,MHS01,People in contact with services at the end of the reporting period,108315,1,2022,0
2022-01-05,31/05/2022,Final,England; IMD Decile,England,England,UNKNOWN,UNKNOWN,MHS01,People in contact with services at the end of the reporting period,33595,1,2022,0
2022-01-05,31/05/2022,Final,England; Sexual Orientation,England,England,Asexual (not sexually attracted to either gender),Asexual (not sexually attracted to either gender),MHS01,People in contact with services at the end of the reporting period,1030,1,2022,0
2022-01-05,31/05/2022,Final,England; Sexual Orientation,England,England,Bisexual,Bisexual,MHS01,People in contact with services at the end of the reporting period,6934,1,2022,0
2022-01-05,31/05/2022,Final,England; Sexual Orientation,England,England,Gay or Lesbian,Gay or Lesbian,MHS01,People in contact with services at the end of the reporting period,3964,1,2022,0
2022-01-05,31/05/2022,Final,England; Sexual Orientation,England,England,Heterosexual or Straight,Heterosexual or Straight,MHS01,People in contact with services at the end of the reporting period,197740,1,2022,1
2022-01-05,31/05/2022,Final,England; Sexual Orientation,England,England,Not Stated (Person asked but declined to provide a response),Not Stated (Person asked but declined to provide a response),MHS01,People in contact with services at the end of the reporting period,30863,1,2022,1
2022-01-05,31/05/2022,Final,England; Sexual Orientation,England,England,Not known (not recorded),Not known (not recorded),MHS01,People in contact with services at the end of the reporting period,179236,1,2022,1
2022-01-05,31/05/2022,Final,England; Sexual Orientation,England,England,Person asked and does not know or is not sure,Person asked and does not know or is not sure,MHS01,People in contact with services at the end of the reporting period,2718,1,2022,0
2022-01-05,31/05/2022,Final,England; Sexual Orientation,England,England,UNKNOWN,UNKNOWN,MHS01,People in contact with services at the end of the reporting period,1190560,1,2022,1
2022-01-06,30/06/2022,Final,England; Accommodation Type,England,England,1,Owner occupier,MHS01,People in contact with services at the end of the reporting period,95842,1,2022,1
2022-01-06,30/06/2022,Final,England; Accommodation Type,England,England,2,Tenant - Local Authority/Arms Length Management Organisation/registered social housing provider,MHS01,People in contact with services at the end of the reporting period,52425,1,2022,1
2022-01-06,30/06/2022,Final,England; Accommodation Type,England,England,3,Tenant - private landlord,MHS01,People in contact with services at the end of the reporting period,25164,1,2022,1
2022-01-06,30/06/2022,Final,England; Accommodation Type,England,England,4,Living with family,MHS01,People in contact with services at the end of the reporting period,56989,1,2022,1
2022-01-06,30/06/2022,Final,England; Accommodation Type,England,England,5,Living with friends,MHS01,People in contact with services at the end of the reporting period,16734,1,2022,1
2022-01-06,30/06/2022,Final,England; Accommodation Type,England,England,6,University or College accommodation,MHS01,People in contact with services at the end of the reporting period,1221,1,2022,0
2022-01-06,30/06/2022,Final,England; Accommodation Type,England,England,7,ACCOMMODATION tied to job (including Armed Forces),MHS01,People in contact with services at the end of the reporting period,125,1,2022,0
2022-01-06,30/06/2022,Final,England; Accommodation Type,England,England,8,Mobile ACCOMMODATION,MHS01,People in contact with services at the end of the reporting period,215,1,2022,0
2022-01-06,30/06/2022,Final,England; Accommodation Type,England,England,9,Care Home Services without Nursing,MHS01,People in contact with services at the end of the reporting period,8360,1,2022,1
2022-01-06,30/06/2022,Final,England; Accommodation Type,England,England,10,Care Home Services with Nursing,MHS01,People in contact with services at the end of the reporting period,8535,1,2022,1
2022-01-06,30/06/2022,Final,England; Accommodation Type,England,England,11,Specialist Housing (with suitable adaptations to meet impairment needs and support to live independently),MHS01,People in contact with services at the end of the reporting period,14169,1,2022,1
2022-01-06,30/06/2022,Final,England; Accommodation Type,England,England,12,Rough sleeper,MHS01,People in contact with services at the end of the reporting period,1589,1,2022,0
2022-01-06,30/06/2022,Final,England; Accommodation Type,England,England,13,Squatting,MHS01,People in contact with services at the end of the reporting period,471,1,2022,0
2022-01-06,30/06/2022,Final,England; Accommodation Type,England,England,14,Sofa surfing (sleeps on different friends floor each night),MHS01,People in contact with services at the end of the reporting period,629,1,2022,0
2022-01-06,30/06/2022,Final,England; Accommodation Type,England,England,15,Staying with friends/family as a short term guest,MHS01,People in contact with services at the end of the reporting period,21678,1,2022,1
2022-01-06,30/06/2022,Final,England; Accommodation Type,England,England,16,Bed and breakfast ACCOMMODATION to prevent or relieve homelessness,MHS01,People in contact with services at the end of the reporting period,1391,1,2022,0
2022-01-06,30/06/2022,Final,England; Accommodation Type,England,England,17,Sleeping in a night shelter,MHS01,People in contact with services at the end of the reporting period,456,1,2022,0
2022-01-06,30/06/2022,Final,England; Accommodation Type,England,England,18,Hostel to prevent or relieve homelessness,MHS01,People in contact with services at the end of the reporting period,952,1,2022,0
2022-01-06,30/06/2022,Final,England; Accommodation Type,England,England,19,Temporary housing to prevent or relieve homelessness,MHS01,People in contact with services at the end of the reporting period,1512,1,2022,0
2022-01-06,30/06/2022,Final,England; Accommodation Type,England,England,20,Admitted PATIENT settings,MHS01,People in contact with services at the end of the reporting period,6748,1,2022,1
2022-01-06,30/06/2022,Final,England; Accommodation Type,England,England,21,Criminal justice settings,MHS01,People in contact with services at the end of the reporting period,752,1,2022,0
2022-01-06,30/06/2022,Final,England; Accommodation Type,England,England,98,Other (not listed),MHS01,People in contact with services at the end of the reporting period,110036,1,2022,1
2022-01-06,30/06/2022,Final,England; Accommodation Type,England,England,UNKNOWN,UNKNOWN,MHS01,People in contact with services at the end of the reporting period,1181483,1,2022,1
2022-01-06,30/06/2022,Final,England; Age,England,England,0 to 5,0 to 5,MHS01,People in contact with services at the end of the reporting period,24263,1,2022,0
2022-01-06,30/06/2022,Final,England; Age,England,England,11 to 15,11 to 15,MHS01,People in contact with services at the end of the reporting period,234884,1,2022,1
2022-01-06,30/06/2022,Final,England; Age,England,England,16,16,MHS01,People in contact with services at the end of the reporting period,52843,1,2022,0
2022-01-06,30/06/2022,Final,England; Age,England,England,17,17,MHS01,People in contact with services at the end of the reporting period,43528,1,2022,0
2022-01-06,30/06/2022,Final,England; Age,England,England,18,18,MHS01,People in contact with services at the end of the reporting period,27750,1,2022,0
2022-01-06,30/06/2022,Final,England; Age,England,England,19,19,MHS01,People in contact with services at the end of the reporting period,23391,1,2022,0
2022-01-06,30/06/2022,Final,England; Age,England,England,20 to 24,20 to 24,MHS01,People in contact with services at the end of the reporting period,121026,1,2022,1
2022-01-06,30/06/2022,Final,England; Age,England,England,25 to 29,25 to 29,MHS01,People in contact with services at the end of the reporting period,115550,1,2022,1
2022-01-06,30/06/2022,Final,England; Age,England,England,30 to 34,30 to 34,MHS01,People in contact with services at the end of the reporting period,109577,1,2022,1
2022-01-06,30/06/2022,Final,England; Age,England,England,35 to 39,35 to 39,MHS01,People in contact with services at the end of the reporting period,93223,1,2022,1
2022-01-06,30/06/2022,Final,England; Age,England,England,40 to 44,40 to 44,MHS01,People in contact with services at the end of the reporting period,80490,1,2022,1
2022-01-06,30/06/2022,Final,England; Age,England,England,45 to 49,45 to 49,MHS01,People in contact with services at the end of the reporting period,71144,1,2022,1
2022-01-06,30/06/2022,Final,England; Age,England,England,50 to 54,50 to 54,MHS01,People in contact with services at the end of the reporting period,73507,1,2022,1
2022-01-06,30/06/2022,Final,England; Age,England,England,55 to 59,55 to 59,MHS01,People in contact with services at the end of the reporting period,67488,1,2022,1
2022-01-06,30/06/2022,Final,England; Age,England,England,6 to 10,6 to 10,MHS01,People in contact with services at the end of the reporting period,117757,1,2022,1
2022-01-06,30/06/2022,Final,England; Age,England,England,60 to 64,60 to 64,MHS01,People in contact with services at the end of the reporting period,53255,1,2022,0
2022-01-06,30/06/2022,Final,England; Age,England,England,65 to 69,65 to 69,MHS01,People in contact with services at the end of the reporting period,42726,1,2022,0
2022-01-06,30/06/2022,Final,England; Age,England,England,70 to 74,70 to 74,MHS01,People in contact with services at the end of the reporting period,47632,1,2022,0
2022-01-06,30/06/2022,Final,England; Age,England,England,75 to 79,75 to 79,MHS01,People in contact with services at the end of the reporting period,61653,1,2022,1
2022-01-06,30/06/2022,Final,England; Age,England,England,80 to 84,80 to 84,MHS01,People in contact with services at the end of the reporting period,60852,1,2022,0
2022-01-06,30/06/2022,Final,England; Age,England,England,85 to 89,85 to 89,MHS01,People in contact with services at the end of the reporting period,52156,1,2022,0
2022-01-06,30/06/2022,Final,England; Age,England,England,90 or over,90 or over,MHS01,People in contact with services at the end of the reporting period,31209,1,2022,0
2022-01-06,30/06/2022,Final,England; Age,England,England,UNKNOWN,UNKNOWN,MHS01,People in contact with services at the end of the reporting period,1572,1,2022,0
2022-01-06,30/06/2022,Final,England; Disability,England,England,1,Behaviour and Emotional,MHS01,People in contact with services at the end of the reporting period,37216,1,2022,1
2022-01-06,30/06/2022,Final,England; Disability,England,England,2,Hearing,MHS01,People in contact with services at the end of the reporting period,10461,1,2022,0
2022-01-06,30/06/2022,Final,England; Disability,England,England,3,Manual Dexterity,MHS01,People in contact with services at the end of the reporting period,5423,1,2022,0
2022-01-06,30/06/2022,Final,England; Disability,England,England,4,"Memory or ability to concentrate, learn or understand (Learning Disability)",MHS01,People in contact with services at the end of the reporting period,30366,1,2022,1
2022-01-06,30/06/2022,Final,England; Disability,England,England,5,Mobility and Gross Motor,MHS01,People in contact with services at the end of the reporting period,20031,1,2022,1
2022-01-06,30/06/2022,Final,England; Disability,England,England,6,Perception of Physical Danger,MHS01,People in contact with services at the end of the reporting period,6198,1,2022,0
2022-01-06,30/06/2022,Final,England; Disability,England,England,7,"Personal, Self Care and Continence",MHS01,People in contact with services at the end of the reporting period,14492,1,2022,0
2022-01-06,30/06/2022,Final,England; Disability,England,England,8,"Progressive Conditions and Physical Health (such as HIV, cancer, multiple sclerosis, fits etc)",MHS01,People in contact with services at the end of the reporting period,17538,1,2022,0
2022-01-06,30/06/2022,Final,England; Disability,England,England,9,Sight,MHS01,People in contact with services at the end of the reporting period,14541,1,2022,0
2022-01-06,30/06/2022,Final,England; Disability,England,England,10,Speech,MHS01,People in contact with services at the end of the reporting period,12023,1,2022,0
2022-01-06,30/06/2022,Final,England; Disability,England,England,NN,No DISABILITY,MHS01,People in contact with services at the end of the reporting period,81117,1,2022,1
2022-01-06,30/06/2022,Final,England; Disability,England,England,UNKNOWN,UNKNOWN,MHS01,People in contact with services at the end of the reporting period,1387718,1,2022,1
2022-01-06,30/06/2022,Final,England; Disability,England,England,XX,Other (not listed),MHS01,People in contact with services at the end of the reporting period,22089,1,2022,1
2022-01-06,30/06/2022,Final,England; Disability,England,England,ZZ,Not Stated (PERSON asked but declined to provide a response),MHS01,People in contact with services at the end of the reporting period,33062,1,2022,1
2022-01-06,30/06/2022,Final,England; Employment Status,England,England,1,Employed,MHS01,People in contact with services at the end of the reporting period,51336,1,2022,0
2022-01-06,30/06/2022,Final,England; Employment Status,England,England,2,Unemployed and actively seeking work,MHS01,People in contact with services at the end of the reporting period,52842,1,2022,1
2022-01-06,30/06/2022,Final,England; Employment Status,England,England,3,Undertaking full (at least 16 hours per week) or part-time (less than 16 hours per week) education or training as a student and not working or actively seeking work,MHS01,People in contact with services at the end of the reporting period,68737,1,2022,1
2022-01-06,30/06/2022,Final,England; Employment Status,England,England,4,"Long-term sick or disabled, those receiving government sickness and disability benefits",MHS01,People in contact with services at the end of the reporting period,74433,1,2022,1
2022-01-06,30/06/2022,Final,England; Employment Status,England,England,5,Looking after the family or home as a homemaker and not working or actively seeking work,MHS01,People in contact with services at the end of the reporting period,6030,1,2022,0
2022-01-06,30/06/2022,Final,England; Employment Status,England,England,6,Not receiving government sickness and disability benefits and not working or actively seeking work,MHS01,People in contact with services at the end of the reporting period,5374,1,2022,0
2022-01-06,30/06/2022,Final,England; Employment Status,England,England,7,Unpaid voluntary work and not working or actively seeking work,MHS01,People in contact with services at the end of the reporting period,2507,1,2022,0
2022-01-06,30/06/2022,Final,England; Employment Status,England,England,8,Retired,MHS01,People in contact with services at the end of the reporting period,76740,1,2022,1
2022-01-06,30/06/2022,Final,England; Employment Status,England,England,UNKNOWN,UNKNOWN,MHS01,People in contact with services at the end of the reporting period,1228432,1,2022,1
2022-01-06,30/06/2022,Final,England; Employment Status,England,England,ZZ,Not Stated (PERSON asked but declined to provide a response),MHS01,People in contact with services at the end of the reporting period,41045,1,2022,0
2022-01-06,30/06/2022,Final,England; Ethnicity,England,England,99,Not Known,MHS01,People in contact with services at the end of the reporting period,109924,1,2022,1
2022-01-06,30/06/2022,Final,England; Ethnicity,England,England,A,British,MHS01,People in contact with services at the end of the reporting period,996915,1,2022,1
2022-01-06,30/06/2022,Final,England; Ethnicity,England,England,B,Irish,MHS01,People in contact with services at the end of the reporting period,9995,1,2022,0
2022-01-06,30/06/2022,Final,England; Ethnicity,England,England,C,Any other White background,MHS01,People in contact with services at the end of the reporting period,61968,1,2022,1
2022-01-06,30/06/2022,Final,England; Ethnicity,England,England,D,White and Black Caribbean,MHS01,People in contact with services at the end of the reporting period,14707,1,2022,0
2022-01-06,30/06/2022,Final,England; Ethnicity,England,England,E,White and Black African,MHS01,People in contact with services at the end of the reporting period,5451,1,2022,0
2022-01-06,30/06/2022,Final,England; Ethnicity,England,England,F,White and Asian,MHS01,People in contact with services at the end of the reporting period,7953,1,2022,0
2022-01-06,30/06/2022,Final,England; Ethnicity,England,England,G,Any other mixed background,MHS01,People in contact with services at the end of the reporting period,32090,1,2022,1
2022-01-06,30/06/2022,Final,England; Ethnicity,England,England,H,Indian,MHS01,People in contact with services at the end of the reporting period,21593,1,2022,1
2022-01-06,30/06/2022,Final,England; Ethnicity,England,England,J,Pakistani,MHS01,People in contact with services at the end of the reporting period,25737,1,2022,1
2022-01-06,30/06/2022,Final,England; Ethnicity,England,England,K,Bangladeshi,MHS01,People in contact with services at the end of the reporting period,10353,1,2022,0
2022-01-06,30/06/2022,Final,England; Ethnicity,England,England,L,Any other Asian background,MHS01,People in contact with services at the end of the reporting period,18008,1,2022,0
2022-01-06,30/06/2022,Final,England; Ethnicity,England,England,M,Caribbean,MHS01,People in contact with services at the end of the reporting period,19659,1,2022,0
2022-01-06,30/06/2022,Final,England; Ethnicity,England,England,N,African,MHS01,People in contact with services at the end of the reporting period,21490,1,2022,1
2022-01-06,30/06/2022,Final,England; Ethnicity,England,England,P,Any other Black background,MHS01,People in contact with services at the end of the reporting period,15819,1,2022,0
2022-01-06,30/06/2022,Final,England; Ethnicity,England,England,R,Chinese,MHS01,People in contact with services at the end of the reporting period,3523,1,2022,0
2022-01-06,30/06/2022,Final,England; Ethnicity,England,England,S,Any other ethnic group,MHS01,People in contact with services at the end of the reporting period,38304,1,2022,1
2022-01-06,30/06/2022,Final,England; Ethnicity,England,England,UNKNOWN,UNKNOWN,MHS01,People in contact with services at the end of the reporting period,41562,1,2022,1
2022-01-06,30/06/2022,Final,England; Ethnicity,England,England,Z,Not stated,MHS01,People in contact with services at the end of the reporting period,152425,1,2022,1
2022-01-06,30/06/2022,Final,England; Gender,England,England,1,Male (including trans man),MHS01,People in contact with services at the end of the reporting period,739777,1,2022,1
2022-01-06,30/06/2022,Final,England; Gender,England,England,2,Female (including trans woman),MHS01,People in contact with services at the end of the reporting period,853946,1,2022,1
2022-01-06,30/06/2022,Final,England; Gender,England,England,3,Non-binary,MHS01,People in contact with services at the end of the reporting period,1846,1,2022,0
2022-01-06,30/06/2022,Final,England; Gender,England,England,4,Other (not listed),MHS01,People in contact with services at the end of the reporting period,883,1,2022,0
2022-01-06,30/06/2022,Final,England; Gender,England,England,9,Indeterminate (unable to be classified as either male or female),MHS01,People in contact with services at the end of the reporting period,1198,1,2022,0
2022-01-06,30/06/2022,Final,England; Gender,England,England,UNKNOWN,UNKNOWN,MHS01,People in contact with services at the end of the reporting period,9826,1,2022,1
2022-01-06,30/06/2022,Final,England; IMD Decile,England,England,01 Most deprived,01 Most deprived,MHS01,People in contact with services at the end of the reporting period,235789,1,2022,1
2022-01-06,30/06/2022,Final,England; IMD Decile,England,England,02 More deprived,02 More deprived,MHS01,People in contact with services at the end of the reporting period,205259,1,2022,1
2022-01-06,30/06/2022,Final,England; IMD Decile,England,England,03 More deprived,03 More deprived,MHS01,People in contact with services at the end of the reporting period,187596,1,2022,1
2022-01-06,30/06/2022,Final,England; IMD Decile,England,England,04 More deprived,04 More deprived,MHS01,People in contact with services at the end of the reporting period,168156,1,2022,1
2022-01-06,30/06/2022,Final,England; IMD Decile,England,England,05 More deprived,05 More deprived,MHS01,People in contact with services at the end of the reporting period,152765,1,2022,1
2022-01-06,30/06/2022,Final,England; IMD Decile,England,England,06 Less deprived,06 Less deprived,MHS01,People in contact with services at the end of the reporting period,142999,1,2022,0
2022-01-06,30/06/2022,Final,England; IMD Decile,England,England,07 Less deprived,07 Less deprived,MHS01,People in contact with services at the end of the reporting period,132110,1,2022,0
2022-01-06,30/06/2022,Final,England; IMD Decile,England,England,08 Less deprived,08 Less deprived,MHS01,People in contact with services at the end of the reporting period,125862,1,2022,0
2022-01-06,30/06/2022,Final,England; IMD Decile,England,England,09 Less deprived,09 Less deprived,MHS01,People in contact with services at the end of the reporting period,117682,1,2022,0
2022-01-06,30/06/2022,Final,England; IMD Decile,England,England,10 Least deprived,10 Least deprived,MHS01,People in contact with services at the end of the reporting period,108782,1,2022,0
2022-01-06,30/06/2022,Final,England; IMD Decile,England,England,UNKNOWN,UNKNOWN,MHS01,People in contact with services at the end of the reporting period,30476,1,2022,0
2022-01-06,30/06/2022,Final,England; Sexual Orientation,England,England,Asexual (not sexually attracted to either gender),Asexual (not sexually attracted to either gender),MHS01,People in contact with services at the end of the reporting period,1037,1,2022,0
2022-01-06,30/06/2022,Final,England; Sexual Orientation,England,England,Bisexual,Bisexual,MHS01,People in contact with services at the end of the reporting period,7032,1,2022,0
2022-01-06,30/06/2022,Final,England; Sexual Orientation,England,England,Gay or Lesbian,Gay or Lesbian,MHS01,People in contact with services at the end of the reporting period,4013,1,2022,0
2022-01-06,30/06/2022,Final,England; Sexual Orientation,England,England,Heterosexual or Straight,Heterosexual or Straight,MHS01,People in contact with services at the end of the reporting period,198904,1,2022,1
2022-01-06,30/06/2022,Final,England; Sexual Orientation,England,England,Not Stated (Person asked but declined to provide a response),Not Stated (Person asked but declined to provide a response),MHS01,People in contact with services at the end of the reporting period,31167,1,2022,1
2022-01-06,30/06/2022,Final,England; Sexual Orientation,England,England,Not known (not recorded),Not known (not recorded),MHS01,People in contact with services at the end of the reporting period,180506,1,2022,1
2022-01-06,30/06/2022,Final,England; Sexual Orientation,England,England,Person asked and does not know or is not sure,Person asked and does not know or is not sure,MHS01,People in contact with services at the end of the reporting period,2856,1,2022,0
2022-01-06,30/06/2022,Final,England; Sexual Orientation,England,England,UNKNOWN,UNKNOWN,MHS01,People in contact with services at the end of the reporting period,1182007,1,2022,1
2022-01-07,31/07/2022,Final,England; Accommodation Type,England,England,1,Owner occupier,MHS01,People in contact with services at the end of the reporting period,95304,1,2022,1
2022-01-07,31/07/2022,Final,England; Accommodation Type,England,England,2,Tenant - Local Authority/Arms Length Management Organisation/registered social housing provider,MHS01,People in contact with services at the end of the reporting period,52086,1,2022,1
2022-01-07,31/07/2022,Final,England; Accommodation Type,England,England,3,Tenant - private landlord,MHS01,People in contact with services at the end of the reporting period,24599,1,2022,1
2022-01-07,31/07/2022,Final,England; Accommodation Type,England,England,4,Living with family,MHS01,People in contact with services at the end of the reporting period,57295,1,2022,1
2022-01-07,31/07/2022,Final,England; Accommodation Type,England,England,5,Living with friends,MHS01,People in contact with services at the end of the reporting period,16178,1,2022,1
2022-01-07,31/07/2022,Final,England; Accommodation Type,England,England,6,University or College accommodation,MHS01,People in contact with services at the end of the reporting period,1310,1,2022,0
2022-01-07,31/07/2022,Final,England; Accommodation Type,England,England,7,ACCOMMODATION tied to job (including Armed Forces),MHS01,People in contact with services at the end of the reporting period,110,1,2022,0
2022-01-07,31/07/2022,Final,England; Accommodation Type,England,England,8,Mobile ACCOMMODATION,MHS01,People in contact with services at the end of the reporting period,209,1,2022,0
2022-01-07,31/07/2022,Final,England; Accommodation Type,England,England,9,Care Home Services without Nursing,MHS01,People in contact with services at the end of the reporting period,7900,1,2022,1
2022-01-07,31/07/2022,Final,England; Accommodation Type,England,England,10,Care Home Services with Nursing,MHS01,People in contact with services at the end of the reporting period,8477,1,2022,1
2022-01-07,31/07/2022,Final,England; Accommodation Type,England,England,11,Specialist Housing (with suitable adaptations to meet impairment needs and support to live independently),MHS01,People in contact with services at the end of the reporting period,13985,1,2022,1
2022-01-07,31/07/2022,Final,England; Accommodation Type,England,England,12,Rough sleeper,MHS01,People in contact with services at the end of the reporting period,1573,1,2022,0
2022-01-07,31/07/2022,Final,England; Accommodation Type,England,England,13,Squatting,MHS01,People in contact with services at the end of the reporting period,496,1,2022,0
2022-01-07,31/07/2022,Final,England; Accommodation Type,England,England,14,Sofa surfing (sleeps on different friends floor each night),MHS01,People in contact with services at the end of the reporting period,643,1,2022,0
2022-01-07,31/07/2022,Final,England; Accommodation Type,England,England,15,Staying with friends/family as a short term guest,MHS01,People in contact with services at the end of the reporting period,21770,1,2022,1
2022-01-07,31/07/2022,Final,England; Accommodation Type,England,England,16,Bed and breakfast ACCOMMODATION to prevent or relieve homelessness,MHS01,People in contact with services at the end of the reporting period,1399,1,2022,0
2022-01-07,31/07/2022,Final,England; Accommodation Type,England,England,17,Sleeping in a night shelter,MHS01,People in contact with services at the end of the reporting period,429,1,2022,0
2022-01-07,31/07/2022,Final,England; Accommodation Type,England,England,18,Hostel to prevent or relieve homelessness,MHS01,People in contact with services at the end of the reporting period,988,1,2022,0
2022-01-07,31/07/2022,Final,England; Accommodation Type,England,England,19,Temporary housing to prevent or relieve homelessness,MHS01,People in contact with services at the end of the reporting period,1552,1,2022,0
2022-01-07,31/07/2022,Final,England; Accommodation Type,England,England,20,Admitted PATIENT settings,MHS01,People in contact with services at the end of the reporting period,6702,1,2022,1
2022-01-07,31/07/2022,Final,England; Accommodation Type,England,England,21,Criminal justice settings,MHS01,People in contact with services at the end of the reporting period,751,1,2022,0
2022-01-07,31/07/2022,Final,England; Accommodation Type,England,England,98,Other (not listed),MHS01,People in contact with services at the end of the reporting period,109338,1,2022,1
2022-01-07,31/07/2022,Final,England; Accommodation Type,England,England,UNKNOWN,UNKNOWN,MHS01,People in contact with services at the end of the reporting period,1192526,1,2022,1
2022-01-07,31/07/2022,Final,England; Age,England,England,0 to 5,0 to 5,MHS01,People in contact with services at the end of the reporting period,24644,1,2022,0
2022-01-07,31/07/2022,Final,England; Age,England,England,11 to 15,11 to 15,MHS01,People in contact with services at the end of the reporting period,234069,1,2022,1
2022-01-07,31/07/2022,Final,England; Age,England,England,16,16,MHS01,People in contact with services at the end of the reporting period,51915,1,2022,0
2022-01-07,31/07/2022,Final,England; Age,England,England,17,17,MHS01,People in contact with services at the end of the reporting period,43811,1,2022,0
2022-01-07,31/07/2022,Final,England; Age,England,England,18,18,MHS01,People in contact with services at the end of the reporting period,28154,1,2022,0
2022-01-07,31/07/2022,Final,England; Age,England,England,19,19,MHS01,People in contact with services at the end of the reporting period,23801,1,2022,0
2022-01-07,31/07/2022,Final,England; Age,England,England,20 to 24,20 to 24,MHS01,People in contact with services at the end of the reporting period,121574,1,2022,1
2022-01-07,31/07/2022,Final,England; Age,England,England,25 to 29,25 to 29,MHS01,People in contact with services at the end of the reporting period,116641,1,2022,1
2022-01-07,31/07/2022,Final,England; Age,England,England,30 to 34,30 to 34,MHS01,People in contact with services at the end of the reporting period,110852,1,2022,1
2022-01-07,31/07/2022,Final,England; Age,England,England,35 to 39,35 to 39,MHS01,People in contact with services at the end of the reporting period,94122,1,2022,1
2022-01-07,31/07/2022,Final,England; Age,England,England,40 to 44,40 to 44,MHS01,People in contact with services at the end of the reporting period,81408,1,2022,1
2022-01-07,31/07/2022,Final,England; Age,England,England,45 to 49,45 to 49,MHS01,People in contact with services at the end of the reporting period,71122,1,2022,1
2022-01-07,31/07/2022,Final,England; Age,England,England,50 to 54,50 to 54,MHS01,People in contact with services at the end of the reporting period,73741,1,2022,1
2022-01-07,31/07/2022,Final,England; Age,England,England,55 to 59,55 to 59,MHS01,People in contact with services at the end of the reporting period,67718,1,2022,1
2022-01-07,31/07/2022,Final,England; Age,England,England,6 to 10,6 to 10,MHS01,People in contact with services at the end of the reporting period,118957,1,2022,1
2022-01-07,31/07/2022,Final,England; Age,England,England,60 to 64,60 to 64,MHS01,People in contact with services at the end of the reporting period,53678,1,2022,0
2022-01-07,31/07/2022,Final,England; Age,England,England,65 to 69,65 to 69,MHS01,People in contact with services at the end of the reporting period,43030,1,2022,0
2022-01-07,31/07/2022,Final,England; Age,England,England,70 to 74,70 to 74,MHS01,People in contact with services at the end of the reporting period,47693,1,2022,0
2022-01-07,31/07/2022,Final,England; Age,England,England,75 to 79,75 to 79,MHS01,People in contact with services at the end of the reporting period,62272,1,2022,1
2022-01-07,31/07/2022,Final,England; Age,England,England,80 to 84,80 to 84,MHS01,People in contact with services at the end of the reporting period,61329,1,2022,1
2022-01-07,31/07/2022,Final,England; Age,England,England,85 to 89,85 to 89,MHS01,People in contact with services at the end of the reporting period,52439,1,2022,0
2022-01-07,31/07/2022,Final,England; Age,England,England,90 or over,90 or over,MHS01,People in contact with services at the end of the reporting period,31212,1,2022,0
2022-01-07,31/07/2022,Final,England; Age,England,England,UNKNOWN,UNKNOWN,MHS01,People in contact with services at the end of the reporting period,1438,1,2022,0
2022-01-07,31/07/2022,Final,England; Disability,England,England,1,Behaviour and Emotional,MHS01,People in contact with services at the end of the reporting period,36992,1,2022,1
2022-01-07,31/07/2022,Final,England; Disability,England,England,2,Hearing,MHS01,People in contact with services at the end of the reporting period,10405,1,2022,0
2022-01-07,31/07/2022,Final,England; Disability,England,England,3,Manual Dexterity,MHS01,People in contact with services at the end of the reporting period,5382,1,2022,0
2022-01-07,31/07/2022,Final,England; Disability,England,England,4,"Memory or ability to concentrate, learn or understand (Learning Disability)",MHS01,People in contact with services at the end of the reporting period,30200,1,2022,1
2022-01-07,31/07/2022,Final,England; Disability,England,England,5,Mobility and Gross Motor,MHS01,People in contact with services at the end of the reporting period,19922,1,2022,1
2022-01-07,31/07/2022,Final,England; Disability,England,England,6,Perception of Physical Danger,MHS01,People in contact with services at the end of the reporting period,6162,1,2022,0
2022-01-07,31/07/2022,Final,England; Disability,England,England,7,"Personal, Self Care and Continence",MHS01,People in contact with services at the end of the reporting period,14447,1,2022,0
2022-01-07,31/07/2022,Final,England; Disability,England,England,8,"Progressive Conditions and Physical Health (such as HIV, cancer, multiple sclerosis, fits etc)",MHS01,People in contact with services at the end of the reporting period,17501,1,2022,0
2022-01-07,31/07/2022,Final,England; Disability,England,England,9,Sight,MHS01,People in contact with services at the end of the reporting period,14488,1,2022,0
2022-01-07,31/07/2022,Final,England; Disability,England,England,10,Speech,MHS01,People in contact with services at the end of the reporting period,11912,1,2022,0
2022-01-07,31/07/2022,Final,England; Disability,England,England,NN,No DISABILITY,MHS01,People in contact with services at the end of the reporting period,80888,1,2022,1
2022-01-07,31/07/2022,Final,England; Disability,England,England,UNKNOWN,UNKNOWN,MHS01,People in contact with services at the end of the reporting period,1396087,1,2022,1
2022-01-07,31/07/2022,Final,England; Disability,England,England,XX,Other (not listed),MHS01,People in contact with services at the end of the reporting period,22286,1,2022,1
2022-01-07,31/07/2022,Final,England; Disability,England,England,ZZ,Not Stated (PERSON asked but declined to provide a response),MHS01,People in contact with services at the end of the reporting period,33111,1,2022,1
2022-01-07,31/07/2022,Final,England; Employment Status,England,England,1,Employed,MHS01,People in contact with services at the end of the reporting period,51670,1,2022,1
2022-01-07,31/07/2022,Final,England; Employment Status,England,England,2,Unemployed and actively seeking work,MHS01,People in contact with services at the end of the reporting period,53264,1,2022,1
2022-01-07,31/07/2022,Final,England; Employment Status,England,England,3,Undertaking full (at least 16 hours per week) or part-time (less than 16 hours per week) education or training as a student and not working or actively seeking work,MHS01,People in contact with services at the end of the reporting period,67645,1,2022,1
2022-01-07,31/07/2022,Final,England; Employment Status,England,England,4,"Long-term sick or disabled, those receiving government sickness and disability benefits",MHS01,People in contact with services at the end of the reporting period,74487,1,2022,1
2022-01-07,31/07/2022,Final,England; Employment Status,England,England,5,Looking after the family or home as a homemaker and not working or actively seeking work,MHS01,People in contact with services at the end of the reporting period,5900,1,2022,0
2022-01-07,31/07/2022,Final,England; Employment Status,England,England,6,Not receiving government sickness and disability benefits and not working or actively seeking work,MHS01,People in contact with services at the end of the reporting period,5427,1,2022,0
2022-01-07,31/07/2022,Final,England; Employment Status,England,England,7,Unpaid voluntary work and not working or actively seeking work,MHS01,People in contact with services at the end of the reporting period,2689,1,2022,0
2022-01-07,31/07/2022,Final,England; Employment Status,England,England,8,Retired,MHS01,People in contact with services at the end of the reporting period,76497,1,2022,1
2022-01-07,31/07/2022,Final,England; Employment Status,England,England,UNKNOWN,UNKNOWN,MHS01,People in contact with services at the end of the reporting period,1237600,1,2022,1
2022-01-07,31/07/2022,Final,England; Employment Status,England,England,ZZ,Not Stated (PERSON asked but declined to provide a response),MHS01,People in contact with services at the end of the reporting period,40441,1,2022,0
2022-01-07,31/07/2022,Final,England; Ethnicity,England,England,99,Not Known,MHS01,People in contact with services at the end of the reporting period,112035,1,2022,1
2022-01-07,31/07/2022,Final,England; Ethnicity,England,England,A,British,MHS01,People in contact with services at the end of the reporting period,996090,1,2022,1
2022-01-07,31/07/2022,Final,England; Ethnicity,England,England,B,Irish,MHS01,People in contact with services at the end of the reporting period,10023,1,2022,0
2022-01-07,31/07/2022,Final,England; Ethnicity,England,England,C,Any other White background,MHS01,People in contact with services at the end of the reporting period,61969,1,2022,1
2022-01-07,31/07/2022,Final,England; Ethnicity,England,England,D,White and Black Caribbean,MHS01,People in contact with services at the end of the reporting period,14677,1,2022,0
2022-01-07,31/07/2022,Final,England; Ethnicity,England,England,E,White and Black African,MHS01,People in contact with services at the end of the reporting period,5473,1,2022,0
2022-01-07,31/07/2022,Final,England; Ethnicity,England,England,F,White and Asian,MHS01,People in contact with services at the end of the reporting period,7948,1,2022,0
2022-01-07,31/07/2022,Final,England; Ethnicity,England,England,G,Any other mixed background,MHS01,People in contact with services at the end of the reporting period,32215,1,2022,1
2022-01-07,31/07/2022,Final,England; Ethnicity,England,England,H,Indian,MHS01,People in contact with services at the end of the reporting period,21551,1,2022,1
2022-01-07,31/07/2022,Final,England; Ethnicity,England,England,J,Pakistani,MHS01,People in contact with services at the end of the reporting period,25774,1,2022,1
2022-01-07,31/07/2022,Final,England; Ethnicity,England,England,K,Bangladeshi,MHS01,People in contact with services at the end of the reporting period,10400,1,2022,0
2022-01-07,31/07/2022,Final,England; Ethnicity,England,England,L,Any other Asian background,MHS01,People in contact with services at the end of the reporting period,18067,1,2022,0
2022-01-07,31/07/2022,Final,England; Ethnicity,England,England,M,Caribbean,MHS01,People in contact with services at the end of the reporting period,19903,1,2022,0
2022-01-07,31/07/2022,Final,England; Ethnicity,England,England,N,African,MHS01,People in contact with services at the end of the reporting period,21481,1,2022,1
2022-01-07,31/07/2022,Final,England; Ethnicity,England,England,P,Any other Black background,MHS01,People in contact with services at the end of the reporting period,15792,1,2022,0
2022-01-07,31/07/2022,Final,England; Ethnicity,England,England,R,Chinese,MHS01,People in contact with services at the end of the reporting period,3520,1,2022,0
2022-01-07,31/07/2022,Final,England; Ethnicity,England,England,S,Any other ethnic group,MHS01,People in contact with services at the end of the reporting period,38689,1,2022,1
2022-01-07,31/07/2022,Final,England; Ethnicity,England,England,UNKNOWN,UNKNOWN,MHS01,People in contact with services at the end of the reporting period,46647,1,2022,1
2022-01-07,31/07/2022,Final,England; Ethnicity,England,England,Z,Not stated,MHS01,People in contact with services at the end of the reporting period,153366,1,2022,1
2022-01-07,31/07/2022,Final,England; Gender,England,England,1,Male (including trans man),MHS01,People in contact with services at the end of the reporting period,743191,1,2022,1
2022-01-07,31/07/2022,Final,England; Gender,England,England,2,Female (including trans woman),MHS01,People in contact with services at the end of the reporting period,853246,1,2022,1
2022-01-07,31/07/2022,Final,England; Gender,England,England,3,Non-binary,MHS01,People in contact with services at the end of the reporting period,1823,1,2022,0
2022-01-07,31/07/2022,Final,England; Gender,England,England,4,Other (not listed),MHS01,People in contact with services at the end of the reporting period,925,1,2022,0
2022-01-07,31/07/2022,Final,England; Gender,England,England,9,Indeterminate (unable to be classified as either male or female),MHS01,People in contact with services at the end of the reporting period,1138,1,2022,0
2022-01-07,31/07/2022,Final,England; Gender,England,England,UNKNOWN,UNKNOWN,MHS01,People in contact with services at the end of the reporting period,15297,1,2022,1
2022-01-07,31/07/2022,Final,England; IMD Decile,England,England,01 Most deprived,01 Most deprived,MHS01,People in contact with services at the end of the reporting period,236047,1,2022,1
2022-01-07,31/07/2022,Final,England; IMD Decile,England,England,02 More deprived,02 More deprived,MHS01,People in contact with services at the end of the reporting period,207290,1,2022,1
2022-01-07,31/07/2022,Final,England; IMD Decile,England,England,03 More deprived,03 More deprived,MHS01,People in contact with services at the end of the reporting period,190352,1,2022,1
2022-01-07,31/07/2022,Final,England; IMD Decile,England,England,04 More deprived,04 More deprived,MHS01,People in contact with services at the end of the reporting period,169555,1,2022,1
2022-01-07,31/07/2022,Final,England; IMD Decile,England,England,05 More deprived,05 More deprived,MHS01,People in contact with services at the end of the reporting period,153391,1,2022,1
2022-01-07,31/07/2022,Final,England; IMD Decile,England,England,06 Less deprived,06 Less deprived,MHS01,People in contact with services at the end of the reporting period,143561,1,2022,0
2022-01-07,31/07/2022,Final,England; IMD Decile,England,England,07 Less deprived,07 Less deprived,MHS01,People in contact with services at the end of the reporting period,132325,1,2022,0
2022-01-07,31/07/2022,Final,England; IMD Decile,England,England,08 Less deprived,08 Less deprived,MHS01,People in contact with services at the end of the reporting period,126085,1,2022,0
2022-01-07,31/07/2022,Final,England; IMD Decile,England,England,09 Less deprived,09 Less deprived,MHS01,People in contact with services at the end of the reporting period,118250,1,2022,0
2022-01-07,31/07/2022,Final,England; IMD Decile,England,England,10 Least deprived,10 Least deprived,MHS01,People in contact with services at the end of the reporting period,109049,1,2022,0
2022-01-07,31/07/2022,Final,England; IMD Decile,England,England,UNKNOWN,UNKNOWN,MHS01,People in contact with services at the end of the reporting period,29715,1,2022,0
2022-01-07,31/07/2022,Final,England; Sexual Orientation,England,England,Asexual (not sexually attracted to either gender),Asexual (not sexually attracted to either gender),MHS01,People in contact with services at the end of the reporting period,1047,1,2022,0
2022-01-07,31/07/2022,Final,England; Sexual Orientation,England,England,Bisexual,Bisexual,MHS01,People in contact with services at the end of the reporting period,7090,1,2022,0
2022-01-07,31/07/2022,Final,England; Sexual Orientation,England,England,Gay or Lesbian,Gay or Lesbian,MHS01,People in contact with services at the end of the reporting period,4076,1,2022,0
2022-01-07,31/07/2022,Final,England; Sexual Orientation,England,England,Heterosexual or Straight,Heterosexual or Straight,MHS01,People in contact with services at the end of the reporting period,199354,1,2022,1
2022-01-07,31/07/2022,Final,England; Sexual Orientation,England,England,Not Stated (Person asked but declined to provide a response),Not Stated (Person asked but declined to provide a response),MHS01,People in contact with services at the end of the reporting period,31103,1,2022,1
2022-01-07,31/07/2022,Final,England; Sexual Orientation,England,England,Not known (not recorded),Not known (not recorded),MHS01,People in contact with services at the end of the reporting period,181200,1,2022,1
2022-01-07,31/07/2022,Final,England; Sexual Orientation,England,England,Person asked and does not know or is not sure,Person asked and does not know or is not sure,MHS01,People in contact with services at the end of the reporting period,2773,1,2022,0
2022-01-07,31/07/2022,Final,England; Sexual Orientation,England,England,UNKNOWN,UNKNOWN,MHS01,People in contact with services at the end of the reporting period,1189020,1,2022,1
2022-01-08,31/08/2022,Final,England; Accommodation Type,England,England,1,Owner occupier,MHS01,People in contact with services at the end of the reporting period,91159,1,2022,1
2022-01-08,31/08/2022,Final,England; Accommodation Type,England,England,2,Tenant - Local Authority/Arms Length Management Organisation/registered social housing provider,MHS01,People in contact with services at the end of the reporting period,50850,1,2022,1
2022-01-08,31/08/2022,Final,England; Accommodation Type,England,England,3,Tenant - private landlord,MHS01,People in contact with services at the end of the reporting period,23095,1,2022,1
2022-01-08,31/08/2022,Final,England; Accommodation Type,England,England,4,Living with family,MHS01,People in contact with services at the end of the reporting period,55136,1,2022,1
2022-01-08,31/08/2022,Final,England; Accommodation Type,England,England,5,Living with friends,MHS01,People in contact with services at the end of the reporting period,15446,1,2022,1
2022-01-08,31/08/2022,Final,England; Accommodation Type,England,England,6,University or College accommodation,MHS01,People in contact with services at the end of the reporting period,1204,1,2022,0
2022-01-08,31/08/2022,Final,England; Accommodation Type,England,England,7,ACCOMMODATION tied to job (including Armed Forces),MHS01,People in contact with services at the end of the reporting period,97,1,2022,0
2022-01-08,31/08/2022,Final,England; Accommodation Type,England,England,8,Mobile ACCOMMODATION,MHS01,People in contact with services at the end of the reporting period,204,1,2022,0
2022-01-08,31/08/2022,Final,England; Accommodation Type,England,England,9,Care Home Services without Nursing,MHS01,People in contact with services at the end of the reporting period,7489,1,2022,1
2022-01-08,31/08/2022,Final,England; Accommodation Type,England,England,10,Care Home Services with Nursing,MHS01,People in contact with services at the end of the reporting period,8208,1,2022,1
2022-01-08,31/08/2022,Final,England; Accommodation Type,England,England,11,Specialist Housing (with suitable adaptations to meet impairment needs and support to live independently),MHS01,People in contact with services at the end of the reporting period,13069,1,2022,1
2022-01-08,31/08/2022,Final,England; Accommodation Type,England,England,12,Rough sleeper,MHS01,People in contact with services at the end of the reporting period,1464,1,2022,0
2022-01-08,31/08/2022,Final,England; Accommodation Type,England,England,13,Squatting,MHS01,People in contact with services at the end of the reporting period,496,1,2022,0
2022-01-08,31/08/2022,Final,England; Accommodation Type,England,England,14,Sofa surfing (sleeps on different friends floor each night),MHS01,People in contact with services at the end of the reporting period,633,1,2022,0
2022-01-08,31/08/2022,Final,England; Accommodation Type,England,England,15,Staying with friends/family as a short term guest,MHS01,People in contact with services at the end of the reporting period,21669,1,2022,1
2022-01-08,31/08/2022,Final,England; Accommodation Type,England,England,16,Bed and breakfast ACCOMMODATION to prevent or relieve homelessness,MHS01,People in contact with services at the end of the reporting period,1260,1,2022,0
2022-01-08,31/08/2022,Final,England; Accommodation Type,England,England,17,Sleeping in a night shelter,MHS01,People in contact with services at the end of the reporting period,305,1,2022,0
2022-01-08,31/08/2022,Final,England; Accommodation Type,England,England,18,Hostel to prevent or relieve homelessness,MHS01,People in contact with services at the end of the reporting period,971,1,2022,0
2022-01-08,31/08/2022,Final,England; Accommodation Type,England,England,19,Temporary housing to prevent or relieve homelessness,MHS01,People in contact with services at the end of the reporting period,1602,1,2022,0
2022-01-08,31/08/2022,Final,England; Accommodation Type,England,England,20,Admitted PATIENT settings,MHS01,People in contact with services at the end of the reporting period,6429,1,2022,0
2022-01-08,31/08/2022,Final,England; Accommodation Type,England,England,21,Criminal justice settings,MHS01,People in contact with services at the end of the reporting period,756,1,2022,0
2022-01-08,31/08/2022,Final,England; Accommodation Type,England,England,98,Other (not listed),MHS01,People in contact with services at the end of the reporting period,118410,1,2022,1
2022-01-08,31/08/2022,Final,England; Accommodation Type,England,England,UNKNOWN,UNKNOWN,MHS01,People in contact with services at the end of the reporting period,1179853,1,2022,1
2022-01-08,31/08/2022,Final,England; Age,England,England,0 to 5,0 to 5,MHS01,People in contact with services at the end of the reporting period,23947,1,2022,0
2022-01-08,31/08/2022,Final,England; Age,England,England,11 to 15,11 to 15,MHS01,People in contact with services at the end of the reporting period,221839,1,2022,1
2022-01-08,31/08/2022,Final,England; Age,England,England,16,16,MHS01,People in contact with services at the end of the reporting period,50162,1,2022,0
2022-01-08,31/08/2022,Final,England; Age,England,England,17,17,MHS01,People in contact with services at the end of the reporting period,43125,1,2022,0
2022-01-08,31/08/2022,Final,England; Age,England,England,18,18,MHS01,People in contact with services at the end of the reporting period,27861,1,2022,0
2022-01-08,31/08/2022,Final,England; Age,England,England,19,19,MHS01,People in contact with services at the end of the reporting period,24140,1,2022,0
2022-01-08,31/08/2022,Final,England; Age,England,England,20 to 24,20 to 24,MHS01,People in contact with services at the end of the reporting period,122463,1,2022,1
2022-01-08,31/08/2022,Final,England; Age,England,England,25 to 29,25 to 29,MHS01,People in contact with services at the end of the reporting period,117524,1,2022,1
2022-01-08,31/08/2022,Final,England; Age,England,England,30 to 34,30 to 34,MHS01,People in contact with services at the end of the reporting period,111658,1,2022,1
2022-01-08,31/08/2022,Final,England; Age,England,England,35 to 39,35 to 39,MHS01,People in contact with services at the end of the reporting period,94646,1,2022,1
2022-01-08,31/08/2022,Final,England; Age,England,England,40 to 44,40 to 44,MHS01,People in contact with services at the end of the reporting period,81547,1,2022,1
2022-01-08,31/08/2022,Final,England; Age,England,England,45 to 49,45 to 49,MHS01,People in contact with services at the end of the reporting period,71142,1,2022,1
2022-01-08,31/08/2022,Final,England; Age,England,England,50 to 54,50 to 54,MHS01,People in contact with services at the end of the reporting period,73557,1,2022,1
2022-01-08,31/08/2022,Final,England; Age,England,England,55 to 59,55 to 59,MHS01,People in contact with services at the end of the reporting period,67466,1,2022,1
2022-01-08,31/08/2022,Final,England; Age,England,England,6 to 10,6 to 10,MHS01,People in contact with services at the end of the reporting period,114946,1,2022,1
2022-01-08,31/08/2022,Final,England; Age,England,England,60 to 64,60 to 64,MHS01,People in contact with services at the end of the reporting period,53657,1,2022,0
2022-01-08,31/08/2022,Final,England; Age,England,England,65 to 69,65 to 69,MHS01,People in contact with services at the end of the reporting period,43044,1,2022,0
2022-01-08,31/08/2022,Final,England; Age,England,England,70 to 74,70 to 74,MHS01,People in contact with services at the end of the reporting period,47541,1,2022,0
2022-01-08,31/08/2022,Final,England; Age,England,England,75 to 79,75 to 79,MHS01,People in contact with services at the end of the reporting period,62636,1,2022,1
2022-01-08,31/08/2022,Final,England; Age,England,England,80 to 84,80 to 84,MHS01,People in contact with services at the end of the reporting period,61295,1,2022,1
2022-01-08,31/08/2022,Final,England; Age,England,England,85 to 89,85 to 89,MHS01,People in contact with services at the end of the reporting period,52499,1,2022,0
2022-01-08,31/08/2022,Final,England; Age,England,England,90 or over,90 or over,MHS01,People in contact with services at the end of the reporting period,31119,1,2022,0
2022-01-08,31/08/2022,Final,England; Age,England,England,UNKNOWN,UNKNOWN,MHS01,People in contact with services at the end of the reporting period,1991,1,2022,0
2022-01-08,31/08/2022,Final,England; Disability,England,England,1,Behaviour and Emotional,MHS01,People in contact with services at the end of the reporting period,36225,1,2022,1
2022-01-08,31/08/2022,Final,England; Disability,England,England,2,Hearing,MHS01,People in contact with services at the end of the reporting period,10570,1,2022,0
2022-01-08,31/08/2022,Final,England; Disability,England,England,3,Manual Dexterity,MHS01,People in contact with services at the end of the reporting period,5347,1,2022,0
2022-01-08,31/08/2022,Final,England; Disability,England,England,4,"Memory or ability to concentrate, learn or understand (Learning Disability)",MHS01,People in contact with services at the end of the reporting period,29952,1,2022,1
2022-01-08,31/08/2022,Final,England; Disability,England,England,5,Mobility and Gross Motor,MHS01,People in contact with services at the end of the reporting period,20212,1,2022,1
2022-01-08,31/08/2022,Final,England; Disability,England,England,6,Perception of Physical Danger,MHS01,People in contact with services at the end of the reporting period,6339,1,2022,0
2022-01-08,31/08/2022,Final,England; Disability,England,England,7,"Personal, Self Care and Continence",MHS01,People in contact with services at the end of the reporting period,14293,1,2022,0
2022-01-08,31/08/2022,Final,England; Disability,England,England,8,"Progressive Conditions and Physical Health (such as HIV, cancer, multiple sclerosis, fits etc)",MHS01,People in contact with services at the end of the reporting period,17525,1,2022,0
2022-01-08,31/08/2022,Final,England; Disability,England,England,9,Sight,MHS01,People in contact with services at the end of the reporting period,14607,1,2022,0
2022-01-08,31/08/2022,Final,England; Disability,England,England,10,Speech,MHS01,People in contact with services at the end of the reporting period,11890,1,2022,0
2022-01-08,31/08/2022,Final,England; Disability,England,England,NN,No DISABILITY,MHS01,People in contact with services at the end of the reporting period,79751,1,2022,1
2022-01-08,31/08/2022,Final,England; Disability,England,England,UNKNOWN,UNKNOWN,MHS01,People in contact with services at the end of the reporting period,1391044,1,2022,1
2022-01-08,31/08/2022,Final,England; Disability,England,England,XX,Other (not listed),MHS01,People in contact with services at the end of the reporting period,22152,1,2022,1
2022-01-08,31/08/2022,Final,England; Disability,England,England,ZZ,Not Stated (PERSON asked but declined to provide a response),MHS01,People in contact with services at the end of the reporting period,23446,1,2022,1
2022-01-08,31/08/2022,Final,England; Employment Status,England,England,1,Employed,MHS01,People in contact with services at the end of the reporting period,52052,1,2022,1
2022-01-08,31/08/2022,Final,England; Employment Status,England,England,2,Unemployed and actively seeking work,MHS01,People in contact with services at the end of the reporting period,53114,1,2022,1
2022-01-08,31/08/2022,Final,England; Employment Status,England,England,3,Undertaking full (at least 16 hours per week) or part-time (less than 16 hours per week) education or training as a student and not working or actively seeking work,MHS01,People in contact with services at the end of the reporting period,65712,1,2022,1
2022-01-08,31/08/2022,Final,England; Employment Status,England,England,4,"Long-term sick or disabled, those receiving government sickness and disability benefits",MHS01,People in contact with services at the end of the reporting period,73767,1,2022,1
2022-01-08,31/08/2022,Final,England; Employment Status,England,England,5,Looking after the family or home as a homemaker and not working or actively seeking work,MHS01,People in contact with services at the end of the reporting period,5838,1,2022,0
2022-01-08,31/08/2022,Final,England; Employment Status,England,England,6,Not receiving government sickness and disability benefits and not working or actively seeking work,MHS01,People in contact with services at the end of the reporting period,5468,1,2022,0
2022-01-08,31/08/2022,Final,England; Employment Status,England,England,7,Unpaid voluntary work and not working or actively seeking work,MHS01,People in contact with services at the end of the reporting period,2724,1,2022,0
2022-01-08,31/08/2022,Final,England; Employment Status,England,England,8,Retired,MHS01,People in contact with services at the end of the reporting period,76222,1,2022,1
2022-01-08,31/08/2022,Final,England; Employment Status,England,England,UNKNOWN,UNKNOWN,MHS01,People in contact with services at the end of the reporting period,1226852,1,2022,1
2022-01-08,31/08/2022,Final,England; Employment Status,England,England,ZZ,Not Stated (PERSON asked but declined to provide a response),MHS01,People in contact with services at the end of the reporting period,38056,1,2022,0
2022-01-08,31/08/2022,Final,England; Ethnicity,England,England,99,Not Known,MHS01,People in contact with services at the end of the reporting period,121622,1,2022,1
2022-01-08,31/08/2022,Final,England; Ethnicity,England,England,A,British,MHS01,People in contact with services at the end of the reporting period,984868,1,2022,1
2022-01-08,31/08/2022,Final,England; Ethnicity,England,England,B,Irish,MHS01,People in contact with services at the end of the reporting period,9549,1,2022,0
2022-01-08,31/08/2022,Final,England; Ethnicity,England,England,C,Any other White background,MHS01,People in contact with services at the end of the reporting period,60010,1,2022,1
2022-01-08,31/08/2022,Final,England; Ethnicity,England,England,D,White and Black Caribbean,MHS01,People in contact with services at the end of the reporting period,14457,1,2022,0
2022-01-08,31/08/2022,Final,England; Ethnicity,England,England,E,White and Black African,MHS01,People in contact with services at the end of the reporting period,5366,1,2022,0
2022-01-08,31/08/2022,Final,England; Ethnicity,England,England,F,White and Asian,MHS01,People in contact with services at the end of the reporting period,7803,1,2022,0
2022-01-08,31/08/2022,Final,England; Ethnicity,England,England,G,Any other mixed background,MHS01,People in contact with services at the end of the reporting period,31344,1,2022,1
2022-01-08,31/08/2022,Final,England; Ethnicity,England,England,H,Indian,MHS01,People in contact with services at the end of the reporting period,21976,1,2022,1
2022-01-08,31/08/2022,Final,England; Ethnicity,England,England,J,Pakistani,MHS01,People in contact with services at the end of the reporting period,25776,1,2022,1
2022-01-08,31/08/2022,Final,England; Ethnicity,England,England,K,Bangladeshi,MHS01,People in contact with services at the end of the reporting period,9963,1,2022,0
2022-01-08,31/08/2022,Final,England; Ethnicity,England,England,L,Any other Asian background,MHS01,People in contact with services at the end of the reporting period,17711,1,2022,0
2022-01-08,31/08/2022,Final,England; Ethnicity,England,England,M,Caribbean,MHS01,People in contact with services at the end of the reporting period,19307,1,2022,0
2022-01-08,31/08/2022,Final,England; Ethnicity,England,England,N,African,MHS01,People in contact with services at the end of the reporting period,20735,1,2022,0
2022-01-08,31/08/2022,Final,England; Ethnicity,England,England,P,Any other Black background,MHS01,People in contact with services at the end of the reporting period,15232,1,2022,0
2022-01-08,31/08/2022,Final,England; Ethnicity,England,England,R,Chinese,MHS01,People in contact with services at the end of the reporting period,3402,1,2022,0
2022-01-08,31/08/2022,Final,England; Ethnicity,England,England,S,Any other ethnic group,MHS01,People in contact with services at the end of the reporting period,38480,1,2022,1
2022-01-08,31/08/2022,Final,England; Ethnicity,England,England,UNKNOWN,UNKNOWN,MHS01,People in contact with services at the end of the reporting period,40471,1,2022,1
2022-01-08,31/08/2022,Final,England; Ethnicity,England,England,Z,Not stated,MHS01,People in contact with services at the end of the reporting period,151733,1,2022,1
2022-01-08,31/08/2022,Final,England; Gender,England,England,1,Male (including trans man),MHS01,People in contact with services at the end of the reporting period,737125,1,2022,1
2022-01-08,31/08/2022,Final,England; Gender,England,England,2,Female (including trans woman),MHS01,People in contact with services at the end of the reporting period,844207,1,2022,1
2022-01-08,31/08/2022,Final,England; Gender,England,England,3,Non-binary,MHS01,People in contact with services at the end of the reporting period,1742,1,2022,0
2022-01-08,31/08/2022,Final,England; Gender,England,England,4,Other (not listed),MHS01,People in contact with services at the end of the reporting period,928,1,2022,0
2022-01-08,31/08/2022,Final,England; Gender,England,England,9,Indeterminate (unable to be classified as either male or female),MHS01,People in contact with services at the end of the reporting period,1087,1,2022,0
2022-01-08,31/08/2022,Final,England; Gender,England,England,UNKNOWN,UNKNOWN,MHS01,People in contact with services at the end of the reporting period,14716,1,2022,1
2022-01-08,31/08/2022,Final,England; IMD Decile,England,England,01 Most deprived,01 Most deprived,MHS01,People in contact with services at the end of the reporting period,234563,1,2022,1
2022-01-08,31/08/2022,Final,England; IMD Decile,England,England,02 More deprived,02 More deprived,MHS01,People in contact with services at the end of the reporting period,204933,1,2022,1
2022-01-08,31/08/2022,Final,England; IMD Decile,England,England,03 More deprived,03 More deprived,MHS01,People in contact with services at the end of the reporting period,187454,1,2022,1
2022-01-08,31/08/2022,Final,England; IMD Decile,England,England,04 More deprived,04 More deprived,MHS01,People in contact with services at the end of the reporting period,167002,1,2022,1
2022-01-08,31/08/2022,Final,England; IMD Decile,England,England,05 More deprived,05 More deprived,MHS01,People in contact with services at the end of the reporting period,152181,1,2022,1
2022-01-08,31/08/2022,Final,England; IMD Decile,England,England,06 Less deprived,06 Less deprived,MHS01,People in contact with services at the end of the reporting period,142129,1,2022,0
2022-01-08,31/08/2022,Final,England; IMD Decile,England,England,07 Less deprived,07 Less deprived,MHS01,People in contact with services at the end of the reporting period,131190,1,2022,0
2022-01-08,31/08/2022,Final,England; IMD Decile,England,England,08 Less deprived,08 Less deprived,MHS01,People in contact with services at the end of the reporting period,125318,1,2022,0
2022-01-08,31/08/2022,Final,England; IMD Decile,England,England,09 Less deprived,09 Less deprived,MHS01,People in contact with services at the end of the reporting period,117468,1,2022,0
2022-01-08,31/08/2022,Final,England; IMD Decile,England,England,10 Least deprived,10 Least deprived,MHS01,People in contact with services at the end of the reporting period,108267,1,2022,0
2022-01-08,31/08/2022,Final,England; IMD Decile,England,England,UNKNOWN,UNKNOWN,MHS01,People in contact with services at the end of the reporting period,29300,1,2022,0
2022-01-08,31/08/2022,Final,England; Sexual Orientation,England,England,Asexual (not sexually attracted to either gender),Asexual (not sexually attracted to either gender),MHS01,People in contact with services at the end of the reporting period,1076,1,2022,0
2022-01-08,31/08/2022,Final,England; Sexual Orientation,England,England,Bisexual,Bisexual,MHS01,People in contact with services at the end of the reporting period,7212,1,2022,0
2022-01-08,31/08/2022,Final,England; Sexual Orientation,England,England,Gay or Lesbian,Gay or Lesbian,MHS01,People in contact with services at the end of the reporting period,4119,1,2022,0
2022-01-08,31/08/2022,Final,England; Sexual Orientation,England,England,Heterosexual or Straight,Heterosexual or Straight,MHS01,People in contact with services at the end of the reporting period,200517,1,2022,1
2022-01-08,31/08/2022,Final,England; Sexual Orientation,England,England,Not Stated (Person asked but declined to provide a response),Not Stated (Person asked but declined to provide a response),MHS01,People in contact with services at the end of the reporting period,31089,1,2022,1
2022-01-08,31/08/2022,Final,England; Sexual Orientation,England,England,Not known (not recorded),Not known (not recorded),MHS01,People in contact with services at the end of the reporting period,181438,1,2022,1
2022-01-08,31/08/2022,Final,England; Sexual Orientation,England,England,Person asked and does not know or is not sure,Person asked and does not know or is not sure,MHS01,People in contact with services at the end of the reporting period,2713,1,2022,0
2022-01-08,31/08/2022,Final,England; Sexual Orientation,England,England,UNKNOWN,UNKNOWN,MHS01,People in contact with services at the end of the reporting period,1171685,1,2022,1
2022-01-09,30/09/2022,Final,England; Accommodation Type,England,England,1,Owner occupier,MHS01,People in contact with services at the end of the reporting period,94839,1,2022,1
2022-01-09,30/09/2022,Final,England; Accommodation Type,England,England,2,Tenant - Local Authority/Arms Length Management Organisation/registered social housing provider,MHS01,People in contact with services at the end of the reporting period,50204,1,2022,1
2022-01-09,30/09/2022,Final,England; Accommodation Type,England,England,3,Tenant - private landlord,MHS01,People in contact with services at the end of the reporting period,23271,1,2022,1
2022-01-09,30/09/2022,Final,England; Accommodation Type,England,England,4,Living with family,MHS01,People in contact with services at the end of the reporting period,54733,1,2022,1
2022-01-09,30/09/2022,Final,England; Accommodation Type,England,England,5,Living with friends,MHS01,People in contact with services at the end of the reporting period,14761,1,2022,1
2022-01-09,30/09/2022,Final,England; Accommodation Type,England,England,6,University or College accommodation,MHS01,People in contact with services at the end of the reporting period,1104,1,2022,0
2022-01-09,30/09/2022,Final,England; Accommodation Type,England,England,7,ACCOMMODATION tied to job (including Armed Forces),MHS01,People in contact with services at the end of the reporting period,90,1,2022,0
2022-01-09,30/09/2022,Final,England; Accommodation Type,England,England,8,Mobile ACCOMMODATION,MHS01,People in contact with services at the end of the reporting period,218,1,2022,0
2022-01-09,30/09/2022,Final,England; Accommodation Type,England,England,9,Care Home Services without Nursing,MHS01,People in contact with services at the end of the reporting period,7144,1,2022,1
2022-01-09,30/09/2022,Final,England; Accommodation Type,England,England,10,Care Home Services with Nursing,MHS01,People in contact with services at the end of the reporting period,8150,1,2022,1
2022-01-09,30/09/2022,Final,England; Accommodation Type,England,England,11,Specialist Housing (with suitable adaptations to meet impairment needs and support to live independently),MHS01,People in contact with services at the end of the reporting period,13123,1,2022,1
2022-01-09,30/09/2022,Final,England; Accommodation Type,England,England,12,Rough sleeper,MHS01,People in contact with services at the end of the reporting period,1637,1,2022,0
2022-01-09,30/09/2022,Final,England; Accommodation Type,England,England,13,Squatting,MHS01,People in contact with services at the end of the reporting period,486,1,2022,0
2022-01-09,30/09/2022,Final,England; Accommodation Type,England,England,14,Sofa surfing (sleeps on different friends floor each night),MHS01,People in contact with services at the end of the reporting period,647,1,2022,0
2022-01-09,30/09/2022,Final,England; Accommodation Type,England,England,15,Staying with friends/family as a short term guest,MHS01,People in contact with services at the end of the reporting period,21641,1,2022,1
2022-01-09,30/09/2022,Final,England; Accommodation Type,England,England,16,Bed and breakfast ACCOMMODATION to prevent or relieve homelessness,MHS01,People in contact with services at the end of the reporting period,1208,1,2022,0
2022-01-09,30/09/2022,Final,England; Accommodation Type,England,England,17,Sleeping in a night shelter,MHS01,People in contact with services at the end of the reporting period,426,1,2022,0
2022-01-09,30/09/2022,Final,England; Accommodation Type,England,England,18,Hostel to prevent or relieve homelessness,MHS01,People in contact with services at the end of the reporting period,1000,1,2022,0
2022-01-09,30/09/2022,Final,England; Accommodation Type,England,England,19,Temporary housing to prevent or relieve homelessness,MHS01,People in contact with services at the end of the reporting period,1684,1,2022,0
2022-01-09,30/09/2022,Final,England; Accommodation Type,England,England,20,Admitted PATIENT settings,MHS01,People in contact with services at the end of the reporting period,6370,1,2022,0
2022-01-09,30/09/2022,Final,England; Accommodation Type,England,England,21,Criminal justice settings,MHS01,People in contact with services at the end of the reporting period,749,1,2022,0
2022-01-09,30/09/2022,Final,England; Accommodation Type,England,England,98,Other (not listed),MHS01,People in contact with services at the end of the reporting period,110734,1,2022,1
2022-01-09,30/09/2022,Final,England; Accommodation Type,England,England,UNKNOWN,UNKNOWN,MHS01,People in contact with services at the end of the reporting period,1201603,1,2022,1
2022-01-09,30/09/2022,Final,England; Age,England,England,0 to 5,0 to 5,MHS01,People in contact with services at the end of the reporting period,24821,1,2022,0
2022-01-09,30/09/2022,Final,England; Age,England,England,11 to 15,11 to 15,MHS01,People in contact with services at the end of the reporting period,225734,1,2022,1
2022-01-09,30/09/2022,Final,England; Age,England,England,16,16,MHS01,People in contact with services at the end of the reporting period,50778,1,2022,0
2022-01-09,30/09/2022,Final,England; Age,England,England,17,17,MHS01,People in contact with services at the end of the reporting period,44223,1,2022,0
2022-01-09,30/09/2022,Final,England; Age,England,England,18,18,MHS01,People in contact with services at the end of the reporting period,27994,1,2022,0
2022-01-09,30/09/2022,Final,England; Age,England,England,19,19,MHS01,People in contact with services at the end of the reporting period,24571,1,2022,0
2022-01-09,30/09/2022,Final,England; Age,England,England,20 to 24,20 to 24,MHS01,People in contact with services at the end of the reporting period,123608,1,2022,1
2022-01-09,30/09/2022,Final,England; Age,England,England,25 to 29,25 to 29,MHS01,People in contact with services at the end of the reporting period,119180,1,2022,1
2022-01-09,30/09/2022,Final,England; Age,England,England,30 to 34,30 to 34,MHS01,People in contact with services at the end of the reporting period,113160,1,2022,1
2022-01-09,30/09/2022,Final,England; Age,England,England,35 to 39,35 to 39,MHS01,People in contact with services at the end of the reporting period,95903,1,2022,1
2022-01-09,30/09/2022,Final,England; Age,England,England,40 to 44,40 to 44,MHS01,People in contact with services at the end of the reporting period,82471,1,2022,1
2022-01-09,30/09/2022,Final,England; Age,England,England,45 to 49,45 to 49,MHS01,People in contact with services at the end of the reporting period,71577,1,2022,1
2022-01-09,30/09/2022,Final,England; Age,England,England,50 to 54,50 to 54,MHS01,People in contact with services at the end of the reporting period,73907,1,2022,1
2022-01-09,30/09/2022,Final,England; Age,England,England,55 to 59,55 to 59,MHS01,People in contact with services at the end of the reporting period,67619,1,2022,1
2022-01-09,30/09/2022,Final,England; Age,England,England,6 to 10,6 to 10,MHS01,People in contact with services at the end of the reporting period,118353,1,2022,1
2022-01-09,30/09/2022,Final,England; Age,England,England,60 to 64,60 to 64,MHS01,People in contact with services at the end of the reporting period,53832,1,2022,0
2022-01-09,30/09/2022,Final,England; Age,England,England,65 to 69,65 to 69,MHS01,People in contact with services at the end of the reporting period,43125,1,2022,0
2022-01-09,30/09/2022,Final,England; Age,England,England,70 to 74,70 to 74,MHS01,People in contact with services at the end of the reporting period,47279,1,2022,0
2022-01-09,30/09/2022,Final,England; Age,England,England,75 to 79,75 to 79,MHS01,People in contact with services at the end of the reporting period,62558,1,2022,1
2022-01-09,30/09/2022,Final,England; Age,England,England,80 to 84,80 to 84,MHS01,People in contact with services at the end of the reporting period,61097,1,2022,0
2022-01-09,30/09/2022,Final,England; Age,England,England,85 to 89,85 to 89,MHS01,People in contact with services at the end of the reporting period,51963,1,2022,0
2022-01-09,30/09/2022,Final,England; Age,England,England,90 or over,90 or over,MHS01,People in contact with services at the end of the reporting period,30820,1,2022,0
2022-01-09,30/09/2022,Final,England; Age,England,England,UNKNOWN,UNKNOWN,MHS01,People in contact with services at the end of the reporting period,1249,1,2022,0
2022-01-09,30/09/2022,Final,England; Disability,England,England,1,Behaviour and Emotional,MHS01,People in contact with services at the end of the reporting period,36149,1,2022,1
2022-01-09,30/09/2022,Final,England; Disability,England,England,2,Hearing,MHS01,People in contact with services at the end of the reporting period,10626,1,2022,0
2022-01-09,30/09/2022,Final,England; Disability,England,England,3,Manual Dexterity,MHS01,People in contact with services at the end of the reporting period,5347,1,2022,0
2022-01-09,30/09/2022,Final,England; Disability,England,England,4,"Memory or ability to concentrate, learn or understand (Learning Disability)",MHS01,People in contact with services at the end of the reporting period,29904,1,2022,1
2022-01-09,30/09/2022,Final,England; Disability,England,England,5,Mobility and Gross Motor,MHS01,People in contact with services at the end of the reporting period,20216,1,2022,1
2022-01-09,30/09/2022,Final,England; Disability,England,England,6,Perception of Physical Danger,MHS01,People in contact with services at the end of the reporting period,6393,1,2022,0
2022-01-09,30/09/2022,Final,England; Disability,England,England,7,"Personal, Self Care and Continence",MHS01,People in contact with services at the end of the reporting period,14266,1,2022,0
2022-01-09,30/09/2022,Final,England; Disability,England,England,8,"Progressive Conditions and Physical Health (such as HIV, cancer, multiple sclerosis, fits etc)",MHS01,People in contact with services at the end of the reporting period,17610,1,2022,0
2022-01-09,30/09/2022,Final,England; Disability,England,England,9,Sight,MHS01,People in contact with services at the end of the reporting period,14657,1,2022,0
2022-01-09,30/09/2022,Final,England; Disability,England,England,10,Speech,MHS01,People in contact with services at the end of the reporting period,11888,1,2022,0
2022-01-09,30/09/2022,Final,England; Disability,England,England,NN,No DISABILITY,MHS01,People in contact with services at the end of the reporting period,79480,1,2022,1
2022-01-09,30/09/2022,Final,England; Disability,England,England,UNKNOWN,UNKNOWN,MHS01,People in contact with services at the end of the reporting period,1407006,1,2022,1
2022-01-09,30/09/2022,Final,England; Disability,England,England,XX,Other (not listed),MHS01,People in contact with services at the end of the reporting period,22304,1,2022,1
2022-01-09,30/09/2022,Final,England; Disability,England,England,ZZ,Not Stated (PERSON asked but declined to provide a response),MHS01,People in contact with services at the end of the reporting period,23696,1,2022,1
2022-01-09,30/09/2022,Final,England; Employment Status,England,England,1,Employed,MHS01,People in contact with services at the end of the reporting period,51430,1,2022,0
2022-01-09,30/09/2022,Final,England; Employment Status,England,England,2,Unemployed and actively seeking work,MHS01,People in contact with services at the end of the reporting period,52626,1,2022,1
2022-01-09,30/09/2022,Final,England; Employment Status,England,England,3,Undertaking full (at least 16 hours per week) or part-time (less than 16 hours per week) education or training as a student and not working or actively seeking work,MHS01,People in contact with services at the end of the reporting period,64709,1,2022,1
2022-01-09,30/09/2022,Final,England; Employment Status,England,England,4,"Long-term sick or disabled, those receiving government sickness and disability benefits",MHS01,People in contact with services at the end of the reporting period,72667,1,2022,1
2022-01-09,30/09/2022,Final,England; Employment Status,England,England,5,Looking after the family or home as a homemaker and not working or actively seeking work,MHS01,People in contact with services at the end of the reporting period,5731,1,2022,0
2022-01-09,30/09/2022,Final,England; Employment Status,England,England,6,Not receiving government sickness and disability benefits and not working or actively seeking work,MHS01,People in contact with services at the end of the reporting period,5259,1,2022,0
2022-01-09,30/09/2022,Final,England; Employment Status,England,England,7,Unpaid voluntary work and not working or actively seeking work,MHS01,People in contact with services at the end of the reporting period,2737,1,2022,0
2022-01-09,30/09/2022,Final,England; Employment Status,England,England,8,Retired,MHS01,People in contact with services at the end of the reporting period,75288,1,2022,1
2022-01-09,30/09/2022,Final,England; Employment Status,England,England,UNKNOWN,UNKNOWN,MHS01,People in contact with services at the end of the reporting period,1247917,1,2022,1
2022-01-09,30/09/2022,Final,England; Employment Status,England,England,ZZ,Not Stated (PERSON asked but declined to provide a response),MHS01,People in contact with services at the end of the reporting period,37458,1,2022,0
2022-01-09,30/09/2022,Final,England; Ethnicity,England,England,99,Not Known,MHS01,People in contact with services at the end of the reporting period,126953,1,2022,1
2022-01-09,30/09/2022,Final,England; Ethnicity,England,England,A,British,MHS01,People in contact with services at the end of the reporting period,990175,1,2022,1
2022-01-09,30/09/2022,Final,England; Ethnicity,England,England,B,Irish,MHS01,People in contact with services at the end of the reporting period,9597,1,2022,0
2022-01-09,30/09/2022,Final,England; Ethnicity,England,England,C,Any other White background,MHS01,People in contact with services at the end of the reporting period,60445,1,2022,1
2022-01-09,30/09/2022,Final,England; Ethnicity,England,England,D,White and Black Caribbean,MHS01,People in contact with services at the end of the reporting period,14707,1,2022,0
2022-01-09,30/09/2022,Final,England; Ethnicity,England,England,E,White and Black African,MHS01,People in contact with services at the end of the reporting period,5431,1,2022,0
2022-01-09,30/09/2022,Final,England; Ethnicity,England,England,F,White and Asian,MHS01,People in contact with services at the end of the reporting period,7866,1,2022,0
2022-01-09,30/09/2022,Final,England; Ethnicity,England,England,G,Any other mixed background,MHS01,People in contact with services at the end of the reporting period,31400,1,2022,1
2022-01-09,30/09/2022,Final,England; Ethnicity,England,England,H,Indian,MHS01,People in contact with services at the end of the reporting period,21802,1,2022,1
2022-01-09,30/09/2022,Final,England; Ethnicity,England,England,J,Pakistani,MHS01,People in contact with services at the end of the reporting period,26101,1,2022,1
2022-01-09,30/09/2022,Final,England; Ethnicity,England,England,K,Bangladeshi,MHS01,People in contact with services at the end of the reporting period,10023,1,2022,0
2022-01-09,30/09/2022,Final,England; Ethnicity,England,England,L,Any other Asian background,MHS01,People in contact with services at the end of the reporting period,17836,1,2022,0
2022-01-09,30/09/2022,Final,England; Ethnicity,England,England,M,Caribbean,MHS01,People in contact with services at the end of the reporting period,19523,1,2022,0
2022-01-09,30/09/2022,Final,England; Ethnicity,England,England,N,African,MHS01,People in contact with services at the end of the reporting period,20882,1,2022,0
2022-01-09,30/09/2022,Final,England; Ethnicity,England,England,P,Any other Black background,MHS01,People in contact with services at the end of the reporting period,15314,1,2022,0
2022-01-09,30/09/2022,Final,England; Ethnicity,England,England,R,Chinese,MHS01,People in contact with services at the end of the reporting period,3478,1,2022,0
2022-01-09,30/09/2022,Final,England; Ethnicity,England,England,S,Any other ethnic group,MHS01,People in contact with services at the end of the reporting period,38984,1,2022,1
2022-01-09,30/09/2022,Final,England; Ethnicity,England,England,UNKNOWN,UNKNOWN,MHS01,People in contact with services at the end of the reporting period,41602,1,2022,1
2022-01-09,30/09/2022,Final,England; Ethnicity,England,England,Z,Not stated,MHS01,People in contact with services at the end of the reporting period,153703,1,2022,1
2022-01-09,30/09/2022,Final,England; Gender,England,England,1,Male (including trans man),MHS01,People in contact with services at the end of the reporting period,743946,1,2022,1
2022-01-09,30/09/2022,Final,England; Gender,England,England,2,Female (including trans woman),MHS01,People in contact with services at the end of the reporting period,852937,1,2022,1
2022-01-09,30/09/2022,Final,England; Gender,England,England,3,Non-binary,MHS01,People in contact with services at the end of the reporting period,1833,1,2022,0
2022-01-09,30/09/2022,Final,England; Gender,England,England,4,Other (not listed),MHS01,People in contact with services at the end of the reporting period,984,1,2022,0
2022-01-09,30/09/2022,Final,England; Gender,England,England,9,Indeterminate (unable to be classified as either male or female),MHS01,People in contact with services at the end of the reporting period,1095,1,2022,0
2022-01-09,30/09/2022,Final,England; Gender,England,England,UNKNOWN,UNKNOWN,MHS01,People in contact with services at the end of the reporting period,15027,1,2022,1
2022-01-09,30/09/2022,Final,England; IMD Decile,England,England,01 Most deprived,01 Most deprived,MHS01,People in contact with services at the end of the reporting period,237026,1,2022,1
2022-01-09,30/09/2022,Final,England; IMD Decile,England,England,02 More deprived,02 More deprived,MHS01,People in contact with services at the end of the reporting period,206294,1,2022,1
2022-01-09,30/09/2022,Final,England; IMD Decile,England,England,03 More deprived,03 More deprived,MHS01,People in contact with services at the end of the reporting period,189162,1,2022,1
2022-01-09,30/09/2022,Final,England; IMD Decile,England,England,04 More deprived,04 More deprived,MHS01,People in contact with services at the end of the reporting period,168314,1,2022,1
2022-01-09,30/09/2022,Final,England; IMD Decile,England,England,05 More deprived,05 More deprived,MHS01,People in contact with services at the end of the reporting period,153636,1,2022,1
2022-01-09,30/09/2022,Final,England; IMD Decile,England,England,06 Less deprived,06 Less deprived,MHS01,People in contact with services at the end of the reporting period,143587,1,2022,0
2022-01-09,30/09/2022,Final,England; IMD Decile,England,England,07 Less deprived,07 Less deprived,MHS01,People in contact with services at the end of the reporting period,132484,1,2022,0
2022-01-09,30/09/2022,Final,England; IMD Decile,England,England,08 Less deprived,08 Less deprived,MHS01,People in contact with services at the end of the reporting period,126550,1,2022,0
2022-01-09,30/09/2022,Final,England; IMD Decile,England,England,09 Less deprived,09 Less deprived,MHS01,People in contact with services at the end of the reporting period,118607,1,2022,0
2022-01-09,30/09/2022,Final,England; IMD Decile,England,England,10 Least deprived,10 Least deprived,MHS01,People in contact with services at the end of the reporting period,109604,1,2022,0
2022-01-09,30/09/2022,Final,England; IMD Decile,England,England,UNKNOWN,UNKNOWN,MHS01,People in contact with services at the end of the reporting period,30558,1,2022,0
2022-01-09,30/09/2022,Final,England; Sexual Orientation,England,England,Asexual (not sexually attracted to either gender),Asexual (not sexually attracted to either gender),MHS01,People in contact with services at the end of the reporting period,1078,1,2022,0
2022-01-09,30/09/2022,Final,England; Sexual Orientation,England,England,Bisexual,Bisexual,MHS01,People in contact with services at the end of the reporting period,7239,1,2022,0
2022-01-09,30/09/2022,Final,England; Sexual Orientation,England,England,Gay or Lesbian,Gay or Lesbian,MHS01,People in contact with services at the end of the reporting period,4143,1,2022,0
2022-01-09,30/09/2022,Final,England; Sexual Orientation,England,England,Heterosexual or Straight,Heterosexual or Straight,MHS01,People in contact with services at the end of the reporting period,201267,1,2022,1
2022-01-09,30/09/2022,Final,England; Sexual Orientation,England,England,Not Stated (Person asked but declined to provide a response),Not Stated (Person asked but declined to provide a response),MHS01,People in contact with services at the end of the reporting period,31110,1,2022,1
2022-01-09,30/09/2022,Final,England; Sexual Orientation,England,England,Not known (not recorded),Not known (not recorded),MHS01,People in contact with services at the end of the reporting period,181822,1,2022,1
2022-01-09,30/09/2022,Final,England; Sexual Orientation,England,England,Person asked and does not know or is not sure,Person asked and does not know or is not sure,MHS01,People in contact with services at the end of the reporting period,2523,1,2022,0
2022-01-09,30/09/2022,Final,England; Sexual Orientation,England,England,UNKNOWN,UNKNOWN,MHS01,People in contact with services at the end of the reporting period,1186681,1,2022,1
2022-01-10,31/10/2022,Final,England; Accommodation Type,England,England,1,Owner occupier,MHS01,People in contact with services at the end of the reporting period,94823,1,2022,1
2022-01-10,31/10/2022,Final,England; Accommodation Type,England,England,2,Tenant - Local Authority/Arms Length Management Organisation/registered social housing provider,MHS01,People in contact with services at the end of the reporting period,49985,1,2022,1
2022-01-10,31/10/2022,Final,England; Accommodation Type,England,England,3,Tenant - private landlord,MHS01,People in contact with services at the end of the reporting period,22861,1,2022,1
2022-01-10,31/10/2022,Final,England; Accommodation Type,England,England,4,Living with family,MHS01,People in contact with services at the end of the reporting period,55992,1,2022,1
2022-01-10,31/10/2022,Final,England; Accommodation Type,England,England,5,Living with friends,MHS01,People in contact with services at the end of the reporting period,14384,1,2022,1
2022-01-10,31/10/2022,Final,England; Accommodation Type,England,England,6,University or College accommodation,MHS01,People in contact with services at the end of the reporting period,1144,1,2022,0
2022-01-10,31/10/2022,Final,England; Accommodation Type,England,England,7,ACCOMMODATION tied to job (including Armed Forces),MHS01,People in contact with services at the end of the reporting period,90,1,2022,0
2022-01-10,31/10/2022,Final,England; Accommodation Type,England,England,8,Mobile ACCOMMODATION,MHS01,People in contact with services at the end of the reporting period,227,1,2022,0
2022-01-10,31/10/2022,Final,England; Accommodation Type,England,England,9,Care Home Services without Nursing,MHS01,People in contact with services at the end of the reporting period,6999,1,2022,1
2022-01-10,31/10/2022,Final,England; Accommodation Type,England,England,10,Care Home Services with Nursing,MHS01,People in contact with services at the end of the reporting period,8064,1,2022,1
2022-01-10,31/10/2022,Final,England; Accommodation Type,England,England,11,Specialist Housing (with suitable adaptations to meet impairment needs and support to live independently),MHS01,People in contact with services at the end of the reporting period,12847,1,2022,1
2022-01-10,31/10/2022,Final,England; Accommodation Type,England,England,12,Rough sleeper,MHS01,People in contact with services at the end of the reporting period,1680,1,2022,0
2022-01-10,31/10/2022,Final,England; Accommodation Type,England,England,13,Squatting,MHS01,People in contact with services at the end of the reporting period,456,1,2022,0
2022-01-10,31/10/2022,Final,England; Accommodation Type,England,England,14,Sofa surfing (sleeps on different friends floor each night),MHS01,People in contact with services at the end of the reporting period,639,1,2022,0
2022-01-10,31/10/2022,Final,England; Accommodation Type,England,England,15,Staying with friends/family as a short term guest,MHS01,People in contact with services at the end of the reporting period,21476,1,2022,1
2022-01-10,31/10/2022,Final,England; Accommodation Type,England,England,16,Bed and breakfast ACCOMMODATION to prevent or relieve homelessness,MHS01,People in contact with services at the end of the reporting period,1130,1,2022,0
2022-01-10,31/10/2022,Final,England; Accommodation Type,England,England,17,Sleeping in a night shelter,MHS01,People in contact with services at the end of the reporting period,419,1,2022,0
2022-01-10,31/10/2022,Final,England; Accommodation Type,England,England,18,Hostel to prevent or relieve homelessness,MHS01,People in contact with services at the end of the reporting period,959,1,2022,0
2022-01-10,31/10/2022,Final,England; Accommodation Type,England,England,19,Temporary housing to prevent or relieve homelessness,MHS01,People in contact with services at the end of the reporting period,1687,1,2022,0
2022-01-10,31/10/2022,Final,England; Accommodation Type,England,England,20,Admitted PATIENT settings,MHS01,People in contact with services at the end of the reporting period,6248,1,2022,0
2022-01-10,31/10/2022,Final,England; Accommodation Type,England,England,21,Criminal justice settings,MHS01,People in contact with services at the end of the reporting period,754,1,2022,0
2022-01-10,31/10/2022,Final,England; Accommodation Type,England,England,98,Other (not listed),MHS01,People in contact with services at the end of the reporting period,109972,1,2022,1
2022-01-10,31/10/2022,Final,England; Accommodation Type,England,England,UNKNOWN,UNKNOWN,MHS01,People in contact with services at the end of the reporting period,1217293,1,2022,1
2022-01-10,31/10/2022,Final,England; Age,England,England,0 to 5,0 to 5,MHS01,People in contact with services at the end of the reporting period,25571,1,2022,0
2022-01-10,31/10/2022,Final,England; Age,England,England,11 to 15,11 to 15,MHS01,People in contact with services at the end of the reporting period,227542,1,2022,1
2022-01-10,31/10/2022,Final,England; Age,England,England,16,16,MHS01,People in contact with services at the end of the reporting period,51215,1,2022,0
2022-01-10,31/10/2022,Final,England; Age,England,England,17,17,MHS01,People in contact with services at the end of the reporting period,44361,1,2022,0
2022-01-10,31/10/2022,Final,England; Age,England,England,18,18,MHS01,People in contact with services at the end of the reporting period,28086,1,2022,0
2022-01-10,31/10/2022,Final,England; Age,England,England,19,19,MHS01,People in contact with services at the end of the reporting period,24717,1,2022,0
2022-01-10,31/10/2022,Final,England; Age,England,England,20 to 24,20 to 24,MHS01,People in contact with services at the end of the reporting period,125139,1,2022,1
2022-01-10,31/10/2022,Final,England; Age,England,England,25 to 29,25 to 29,MHS01,People in contact with services at the end of the reporting period,119786,1,2022,1
2022-01-10,31/10/2022,Final,England; Age,England,England,30 to 34,30 to 34,MHS01,People in contact with services at the end of the reporting period,113592,1,2022,1
2022-01-10,31/10/2022,Final,England; Age,England,England,35 to 39,35 to 39,MHS01,People in contact with services at the end of the reporting period,96261,1,2022,1
2022-01-10,31/10/2022,Final,England; Age,England,England,40 to 44,40 to 44,MHS01,People in contact with services at the end of the reporting period,82815,1,2022,1
2022-01-10,31/10/2022,Final,England; Age,England,England,45 to 49,45 to 49,MHS01,People in contact with services at the end of the reporting period,71383,1,2022,1
2022-01-10,31/10/2022,Final,England; Age,England,England,50 to 54,50 to 54,MHS01,People in contact with services at the end of the reporting period,73868,1,2022,1
2022-01-10,31/10/2022,Final,England; Age,England,England,55 to 59,55 to 59,MHS01,People in contact with services at the end of the reporting period,67892,1,2022,1
2022-01-10,31/10/2022,Final,England; Age,England,England,6 to 10,6 to 10,MHS01,People in contact with services at the end of the reporting period,121438,1,2022,1
2022-01-10,31/10/2022,Final,England; Age,England,England,60 to 64,60 to 64,MHS01,People in contact with services at the end of the reporting period,54096,1,2022,0
2022-01-10,31/10/2022,Final,England; Age,England,England,65 to 69,65 to 69,MHS01,People in contact with services at the end of the reporting period,43597,1,2022,0
2022-01-10,31/10/2022,Final,England; Age,England,England,70 to 74,70 to 74,MHS01,People in contact with services at the end of the reporting period,47739,1,2022,0
2022-01-10,31/10/2022,Final,England; Age,England,England,75 to 79,75 to 79,MHS01,People in contact with services at the end of the reporting period,63623,1,2022,1
2022-01-10,31/10/2022,Final,England; Age,England,England,80 to 84,80 to 84,MHS01,People in contact with services at the end of the reporting period,62135,1,2022,1
2022-01-10,31/10/2022,Final,England; Age,England,England,85 to 89,85 to 89,MHS01,People in contact with services at the end of the reporting period,52694,1,2022,0
2022-01-10,31/10/2022,Final,England; Age,England,England,90 or over,90 or over,MHS01,People in contact with services at the end of the reporting period,31237,1,2022,0
2022-01-10,31/10/2022,Final,England; Age,England,England,UNKNOWN,UNKNOWN,MHS01,People in contact with services at the end of the reporting period,1342,1,2022,0
2022-01-10,31/10/2022,Final,England; Disability,England,England,1,Behaviour and Emotional,MHS01,People in contact with services at the end of the reporting period,36320,1,2022,1
2022-01-10,31/10/2022,Final,England; Disability,England,England,2,Hearing,MHS01,People in contact with services at the end of the reporting period,10772,1,2022,0
2022-01-10,31/10/2022,Final,England; Disability,England,England,3,Manual Dexterity,MHS01,People in contact with services at the end of the reporting period,5348,1,2022,0
2022-01-10,31/10/2022,Final,England; Disability,England,England,4,"Memory or ability to concentrate, learn or understand (Learning Disability)",MHS01,People in contact with services at the end of the reporting period,30011,1,2022,1
2022-01-10,31/10/2022,Final,England; Disability,England,England,5,Mobility and Gross Motor,MHS01,People in contact with services at the end of the reporting period,20248,1,2022,1
2022-01-10,31/10/2022,Final,England; Disability,England,England,6,Perception of Physical Danger,MHS01,People in contact with services at the end of the reporting period,6460,1,2022,0
2022-01-10,31/10/2022,Final,England; Disability,England,England,7,"Personal, Self Care and Continence",MHS01,People in contact with services at the end of the reporting period,14324,1,2022,0
2022-01-10,31/10/2022,Final,England; Disability,England,England,8,"Progressive Conditions and Physical Health (such as HIV, cancer, multiple sclerosis, fits etc)",MHS01,People in contact with services at the end of the reporting period,17701,1,2022,0
2022-01-10,31/10/2022,Final,England; Disability,England,England,9,Sight,MHS01,People in contact with services at the end of the reporting period,14797,1,2022,0
2022-01-10,31/10/2022,Final,England; Disability,England,England,10,Speech,MHS01,People in contact with services at the end of the reporting period,11875,1,2022,0
2022-01-10,31/10/2022,Final,England; Disability,England,England,NN,No DISABILITY,MHS01,People in contact with services at the end of the reporting period,81948,1,2022,1
2022-01-10,31/10/2022,Final,England; Disability,England,England,UNKNOWN,UNKNOWN,MHS01,People in contact with services at the end of the reporting period,1418032,1,2022,1
2022-01-10,31/10/2022,Final,England; Disability,England,England,XX,Other (not listed),MHS01,People in contact with services at the end of the reporting period,22543,1,2022,1
2022-01-10,31/10/2022,Final,England; Disability,England,England,ZZ,Not Stated (PERSON asked but declined to provide a response),MHS01,People in contact with services at the end of the reporting period,24076,1,2022,1
2022-01-10,31/10/2022,Final,England; Employment Status,England,England,1,Employed,MHS01,People in contact with services at the end of the reporting period,51215,1,2022,0
2022-01-10,31/10/2022,Final,England; Employment Status,England,England,2,Unemployed and actively seeking work,MHS01,People in contact with services at the end of the reporting period,52275,1,2022,1
2022-01-10,31/10/2022,Final,England; Employment Status,England,England,3,Undertaking full (at least 16 hours per week) or part-time (less than 16 hours per week) education or training as a student and not working or actively seeking work,MHS01,People in contact with services at the end of the reporting period,64129,1,2022,1
2022-01-10,31/10/2022,Final,England; Employment Status,England,England,4,"Long-term sick or disabled, those receiving government sickness and disability benefits",MHS01,People in contact with services at the end of the reporting period,72064,1,2022,1
2022-01-10,31/10/2022,Final,England; Employment Status,England,England,5,Looking after the family or home as a homemaker and not working or actively seeking work,MHS01,People in contact with services at the end of the reporting period,5629,1,2022,0
2022-01-10,31/10/2022,Final,England; Employment Status,England,England,6,Not receiving government sickness and disability benefits and not working or actively seeking work,MHS01,People in contact with services at the end of the reporting period,5288,1,2022,0
2022-01-10,31/10/2022,Final,England; Employment Status,England,England,7,Unpaid voluntary work and not working or actively seeking work,MHS01,People in contact with services at the end of the reporting period,2730,1,2022,0
2022-01-10,31/10/2022,Final,England; Employment Status,England,England,8,Retired,MHS01,People in contact with services at the end of the reporting period,74709,1,2022,1
2022-01-10,31/10/2022,Final,England; Employment Status,England,England,UNKNOWN,UNKNOWN,MHS01,People in contact with services at the end of the reporting period,1265020,1,2022,1
2022-01-10,31/10/2022,Final,England; Employment Status,England,England,ZZ,Not Stated (PERSON asked but declined to provide a response),MHS01,People in contact with services at the end of the reporting period,37070,1,2022,0
2022-01-10,31/10/2022,Final,England; Ethnicity,England,England,99,Not Known,MHS01,People in contact with services at the end of the reporting period,133471,1,2022,1
2022-01-10,31/10/2022,Final,England; Ethnicity,England,England,A,British,MHS01,People in contact with services at the end of the reporting period,997912,1,2022,1
2022-01-10,31/10/2022,Final,England; Ethnicity,England,England,B,Irish,MHS01,People in contact with services at the end of the reporting period,9542,1,2022,0
2022-01-10,31/10/2022,Final,England; Ethnicity,England,England,C,Any other White background,MHS01,People in contact with services at the end of the reporting period,61047,1,2022,1
2022-01-10,31/10/2022,Final,England; Ethnicity,England,England,D,White and Black Caribbean,MHS01,People in contact with services at the end of the reporting period,14824,1,2022,0
2022-01-10,31/10/2022,Final,England; Ethnicity,England,England,E,White and Black African,MHS01,People in contact with services at the end of the reporting period,5457,1,2022,0
2022-01-10,31/10/2022,Final,England; Ethnicity,England,England,F,White and Asian,MHS01,People in contact with services at the end of the reporting period,7775,1,2022,0
2022-01-10,31/10/2022,Final,England; Ethnicity,England,England,G,Any other mixed background,MHS01,People in contact with services at the end of the reporting period,32197,1,2022,1
2022-01-10,31/10/2022,Final,England; Ethnicity,England,England,H,Indian,MHS01,People in contact with services at the end of the reporting period,21260,1,2022,0
2022-01-10,31/10/2022,Final,England; Ethnicity,England,England,J,Pakistani,MHS01,People in contact with services at the end of the reporting period,26149,1,2022,1
2022-01-10,31/10/2022,Final,England; Ethnicity,England,England,K,Bangladeshi,MHS01,People in contact with services at the end of the reporting period,10035,1,2022,0
2022-01-10,31/10/2022,Final,England; Ethnicity,England,England,L,Any other Asian background,MHS01,People in contact with services at the end of the reporting period,17851,1,2022,0
2022-01-10,31/10/2022,Final,England; Ethnicity,England,England,M,Caribbean,MHS01,People in contact with services at the end of the reporting period,19505,1,2022,0
2022-01-10,31/10/2022,Final,England; Ethnicity,England,England,N,African,MHS01,People in contact with services at the end of the reporting period,20869,1,2022,0
2022-01-10,31/10/2022,Final,England; Ethnicity,England,England,P,Any other Black background,MHS01,People in contact with services at the end of the reporting period,15180,1,2022,0
2022-01-10,31/10/2022,Final,England; Ethnicity,England,England,R,Chinese,MHS01,People in contact with services at the end of the reporting period,3489,1,2022,0
2022-01-10,31/10/2022,Final,England; Ethnicity,England,England,S,Any other ethnic group,MHS01,People in contact with services at the end of the reporting period,39521,1,2022,1
2022-01-10,31/10/2022,Final,England; Ethnicity,England,England,UNKNOWN,UNKNOWN,MHS01,People in contact with services at the end of the reporting period,37726,1,2022,1
2022-01-10,31/10/2022,Final,England; Ethnicity,England,England,Z,Not stated,MHS01,People in contact with services at the end of the reporting period,156319,1,2022,1
2022-01-10,31/10/2022,Final,England; Gender,England,England,1,Male (including trans man),MHS01,People in contact with services at the end of the reporting period,753041,1,2022,1
2022-01-10,31/10/2022,Final,England; Gender,England,England,2,Female (including trans woman),MHS01,People in contact with services at the end of the reporting period,861945,1,2022,1
2022-01-10,31/10/2022,Final,England; Gender,England,England,3,Non-binary,MHS01,People in contact with services at the end of the reporting period,1876,1,2022,0
2022-01-10,31/10/2022,Final,England; Gender,England,England,4,Other (not listed),MHS01,People in contact with services at the end of the reporting period,999,1,2022,0
2022-01-10,31/10/2022,Final,England; Gender,England,England,9,Indeterminate (unable to be classified as either male or female),MHS01,People in contact with services at the end of the reporting period,1124,1,2022,0
2022-01-10,31/10/2022,Final,England; Gender,England,England,UNKNOWN,UNKNOWN,MHS01,People in contact with services at the end of the reporting period,11144,1,2022,1
2022-01-10,31/10/2022,Final,England; IMD Decile,England,England,01 Most deprived,01 Most deprived,MHS01,People in contact with services at the end of the reporting period,240542,1,2022,1
2022-01-10,31/10/2022,Final,England; IMD Decile,England,England,02 More deprived,02 More deprived,MHS01,People in contact with services at the end of the reporting period,207175,1,2022,1
2022-01-10,31/10/2022,Final,England; IMD Decile,England,England,03 More deprived,03 More deprived,MHS01,People in contact with services at the end of the reporting period,189358,1,2022,1
2022-01-10,31/10/2022,Final,England; IMD Decile,England,England,04 More deprived,04 More deprived,MHS01,People in contact with services at the end of the reporting period,169663,1,2022,1
2022-01-10,31/10/2022,Final,England; IMD Decile,England,England,05 More deprived,05 More deprived,MHS01,People in contact with services at the end of the reporting period,155470,1,2022,1
2022-01-10,31/10/2022,Final,England; IMD Decile,England,England,06 Less deprived,06 Less deprived,MHS01,People in contact with services at the end of the reporting period,145444,1,2022,1
2022-01-10,31/10/2022,Final,England; IMD Decile,England,England,07 Less deprived,07 Less deprived,MHS01,People in contact with services at the end of the reporting period,133959,1,2022,0
2022-01-10,31/10/2022,Final,England; IMD Decile,England,England,08 Less deprived,08 Less deprived,MHS01,People in contact with services at the end of the reporting period,127760,1,2022,0
2022-01-10,31/10/2022,Final,England; IMD Decile,England,England,09 Less deprived,09 Less deprived,MHS01,People in contact with services at the end of the reporting period,119909,1,2022,0
2022-01-10,31/10/2022,Final,England; IMD Decile,England,England,10 Least deprived,10 Least deprived,MHS01,People in contact with services at the end of the reporting period,110509,1,2022,0
2022-01-10,31/10/2022,Final,England; IMD Decile,England,England,UNKNOWN,UNKNOWN,MHS01,People in contact with services at the end of the reporting period,30340,1,2022,0
2022-01-10,31/10/2022,Final,England; Sexual Orientation,England,England,Asexual (not sexually attracted to either gender),Asexual (not sexually attracted to either gender),MHS01,People in contact with services at the end of the reporting period,1071,1,2022,0
2022-01-10,31/10/2022,Final,England; Sexual Orientation,England,England,Bisexual,Bisexual,MHS01,People in contact with services at the end of the reporting period,7423,1,2022,0
2022-01-10,31/10/2022,Final,England; Sexual Orientation,England,England,Gay or Lesbian,Gay or Lesbian,MHS01,People in contact with services at the end of the reporting period,4223,1,2022,0
2022-01-10,31/10/2022,Final,England; Sexual Orientation,England,England,Heterosexual or Straight,Heterosexual or Straight,MHS01,People in contact with services at the end of the reporting period,202601,1,2022,1
2022-01-10,31/10/2022,Final,England; Sexual Orientation,England,England,Not Stated (Person asked but declined to provide a response),Not Stated (Person asked but declined to provide a response),MHS01,People in contact with services at the end of the reporting period,31264,1,2022,1
2022-01-10,31/10/2022,Final,England; Sexual Orientation,England,England,Not known (not recorded),Not known (not recorded),MHS01,People in contact with services at the end of the reporting period,185061,1,2022,1
2022-01-10,31/10/2022,Final,England; Sexual Orientation,England,England,Person asked and does not know or is not sure,Person asked and does not know or is not sure,MHS01,People in contact with services at the end of the reporting period,2964,1,2022,0
2022-01-10,31/10/2022,Final,England; Sexual Orientation,England,England,UNKNOWN,UNKNOWN,MHS01,People in contact with services at the end of the reporting period,1195562,1,2022,1
2022-01-11,30/11/2022,Final,England; Accommodation Type,England,England,1,Owner occupier,MHS01,People in contact with services at the end of the reporting period,89367,1,2022,1
2022-01-11,30/11/2022,Final,England; Accommodation Type,England,England,2,Tenant - Local Authority/Arms Length Management Organisation/registered social housing provider,MHS01,People in contact with services at the end of the reporting period,49541,1,2022,1
2022-01-11,30/11/2022,Final,England; Accommodation Type,England,England,3,Tenant - private landlord,MHS01,People in contact with services at the end of the reporting period,23191,1,2022,1
2022-01-11,30/11/2022,Final,England; Accommodation Type,England,England,4,Living with family,MHS01,People in contact with services at the end of the reporting period,59621,1,2022,1
2022-01-11,30/11/2022,Final,England; Accommodation Type,England,England,5,Living with friends,MHS01,People in contact with services at the end of the reporting period,14342,1,2022,1
2022-01-11,30/11/2022,Final,England; Accommodation Type,England,England,6,University or College accommodation,MHS01,People in contact with services at the end of the reporting period,1231,1,2022,0
2022-01-11,30/11/2022,Final,England; Accommodation Type,England,England,7,ACCOMMODATION tied to job (including Armed Forces),MHS01,People in contact with services at the end of the reporting period,89,1,2022,0
2022-01-11,30/11/2022,Final,England; Accommodation Type,England,England,8,Mobile ACCOMMODATION,MHS01,People in contact with services at the end of the reporting period,224,1,2022,0
2022-01-11,30/11/2022,Final,England; Accommodation Type,England,England,9,Care Home Services without Nursing,MHS01,People in contact with services at the end of the reporting period,7052,1,2022,1
2022-01-11,30/11/2022,Final,England; Accommodation Type,England,England,10,Care Home Services with Nursing,MHS01,People in contact with services at the end of the reporting period,8303,1,2022,1
2022-01-11,30/11/2022,Final,England; Accommodation Type,England,England,11,Specialist Housing (with suitable adaptations to meet impairment needs and support to live independently),MHS01,People in contact with services at the end of the reporting period,13251,1,2022,1
2022-01-11,30/11/2022,Final,England; Accommodation Type,England,England,12,Rough sleeper,MHS01,People in contact with services at the end of the reporting period,1684,1,2022,0
2022-01-11,30/11/2022,Final,England; Accommodation Type,England,England,13,Squatting,MHS01,People in contact with services at the end of the reporting period,420,1,2022,0
2022-01-11,30/11/2022,Final,England; Accommodation Type,England,England,14,Sofa surfing (sleeps on different friends floor each night),MHS01,People in contact with services at the end of the reporting period,641,1,2022,0
2022-01-11,30/11/2022,Final,England; Accommodation Type,England,England,15,Staying with friends/family as a short term guest,MHS01,People in contact with services at the end of the reporting period,21450,1,2022,1
2022-01-11,30/11/2022,Final,England; Accommodation Type,England,England,16,Bed and breakfast ACCOMMODATION to prevent or relieve homelessness,MHS01,People in contact with services at the end of the reporting period,1214,1,2022,0
2022-01-11,30/11/2022,Final,England; Accommodation Type,England,England,17,Sleeping in a night shelter,MHS01,People in contact with services at the end of the reporting period,426,1,2022,0
2022-01-11,30/11/2022,Final,England; Accommodation Type,England,England,18,Hostel to prevent or relieve homelessness,MHS01,People in contact with services at the end of the reporting period,919,1,2022,0
2022-01-11,30/11/2022,Final,England; Accommodation Type,England,England,19,Temporary housing to prevent or relieve homelessness,MHS01,People in contact with services at the end of the reporting period,1541,1,2022,0
2022-01-11,30/11/2022,Final,England; Accommodation Type,England,England,20,Admitted PATIENT settings,MHS01,People in contact with services at the end of the reporting period,6543,1,2022,1
2022-01-11,30/11/2022,Final,England; Accommodation Type,England,England,21,Criminal justice settings,MHS01,People in contact with services at the end of the reporting period,726,1,2022,0
2022-01-11,30/11/2022,Final,England; Accommodation Type,England,England,98,Other (not listed),MHS01,People in contact with services at the end of the reporting period,110122,1,2022,1
2022-01-11,30/11/2022,Final,England; Accommodation Type,England,England,UNKNOWN,UNKNOWN,MHS01,People in contact with services at the end of the reporting period,1246312,1,2022,1
2022-01-11,30/11/2022,Final,England; Age,England,England,0 to 5,0 to 5,MHS01,People in contact with services at the end of the reporting period,26490,1,2022,0
2022-01-11,30/11/2022,Final,England; Age,England,England,11 to 15,11 to 15,MHS01,People in contact with services at the end of the reporting period,236754,1,2022,1
2022-01-11,30/11/2022,Final,England; Age,England,England,16,16,MHS01,People in contact with services at the end of the reporting period,53144,1,2022,0
2022-01-11,30/11/2022,Final,England; Age,England,England,17,17,MHS01,People in contact with services at the end of the reporting period,45460,1,2022,0
2022-01-11,30/11/2022,Final,England; Age,England,England,18,18,MHS01,People in contact with services at the end of the reporting period,28651,1,2022,0
2022-01-11,30/11/2022,Final,England; Age,England,England,19,19,MHS01,People in contact with services at the end of the reporting period,25351,1,2022,0
2022-01-11,30/11/2022,Final,England; Age,England,England,20 to 24,20 to 24,MHS01,People in contact with services at the end of the reporting period,126636,1,2022,1
2022-01-11,30/11/2022,Final,England; Age,England,England,25 to 29,25 to 29,MHS01,People in contact with services at the end of the reporting period,121692,1,2022,1
2022-01-11,30/11/2022,Final,England; Age,England,England,30 to 34,30 to 34,MHS01,People in contact with services at the end of the reporting period,115175,1,2022,1
2022-01-11,30/11/2022,Final,England; Age,England,England,35 to 39,35 to 39,MHS01,People in contact with services at the end of the reporting period,97909,1,2022,1
2022-01-11,30/11/2022,Final,England; Age,England,England,40 to 44,40 to 44,MHS01,People in contact with services at the end of the reporting period,83886,1,2022,1
2022-01-11,30/11/2022,Final,England; Age,England,England,45 to 49,45 to 49,MHS01,People in contact with services at the end of the reporting period,71923,1,2022,1
2022-01-11,30/11/2022,Final,England; Age,England,England,50 to 54,50 to 54,MHS01,People in contact with services at the end of the reporting period,74356,1,2022,1
2022-01-11,30/11/2022,Final,England; Age,England,England,55 to 59,55 to 59,MHS01,People in contact with services at the end of the reporting period,68356,1,2022,1
2022-01-11,30/11/2022,Final,England; Age,England,England,6 to 10,6 to 10,MHS01,People in contact with services at the end of the reporting period,125374,1,2022,1
2022-01-11,30/11/2022,Final,England; Age,England,England,60 to 64,60 to 64,MHS01,People in contact with services at the end of the reporting period,54381,1,2022,0
2022-01-11,30/11/2022,Final,England; Age,England,England,65 to 69,65 to 69,MHS01,People in contact with services at the end of the reporting period,43910,1,2022,0
2022-01-11,30/11/2022,Final,England; Age,England,England,70 to 74,70 to 74,MHS01,People in contact with services at the end of the reporting period,47752,1,2022,0
2022-01-11,30/11/2022,Final,England; Age,England,England,75 to 79,75 to 79,MHS01,People in contact with services at the end of the reporting period,63844,1,2022,1
2022-01-11,30/11/2022,Final,England; Age,England,England,80 to 84,80 to 84,MHS01,People in contact with services at the end of the reporting period,62247,1,2022,1
2022-01-11,30/11/2022,Final,England; Age,England,England,85 to 89,85 to 89,MHS01,People in contact with services at the end of the reporting period,52687,1,2022,0
2022-01-11,30/11/2022,Final,England; Age,England,England,90 or over,90 or over,MHS01,People in contact with services at the end of the reporting period,31053,1,2022,0
2022-01-11,30/11/2022,Final,England; Age,England,England,UNKNOWN,UNKNOWN,MHS01,People in contact with services at the end of the reporting period,1179,1,2022,0
2022-01-11,30/11/2022,Final,England; Disability,England,England,1,Behaviour and Emotional,MHS01,People in contact with services at the end of the reporting period,36463,1,2022,1
2022-01-11,30/11/2022,Final,England; Disability,England,England,2,Hearing,MHS01,People in contact with services at the end of the reporting period,10773,1,2022,0
2022-01-11,30/11/2022,Final,England; Disability,England,England,3,Manual Dexterity,MHS01,People in contact with services at the end of the reporting period,5371,1,2022,0
2022-01-11,30/11/2022,Final,England; Disability,England,England,4,"Memory or ability to concentrate, learn or understand (Learning Disability)",MHS01,People in contact with services at the end of the reporting period,31156,1,2022,1
2022-01-11,30/11/2022,Final,England; Disability,England,England,5,Mobility and Gross Motor,MHS01,People in contact with services at the end of the reporting period,20250,1,2022,1
2022-01-11,30/11/2022,Final,England; Disability,England,England,6,Perception of Physical Danger,MHS01,People in contact with services at the end of the reporting period,6545,1,2022,0
2022-01-11,30/11/2022,Final,England; Disability,England,England,7,"Personal, Self Care and Continence",MHS01,People in contact with services at the end of the reporting period,14411,1,2022,0
2022-01-11,30/11/2022,Final,England; Disability,England,England,8,"Progressive Conditions and Physical Health (such as HIV, cancer, multiple sclerosis, fits etc)",MHS01,People in contact with services at the end of the reporting period,17775,1,2022,0
2022-01-11,30/11/2022,Final,England; Disability,England,England,9,Sight,MHS01,People in contact with services at the end of the reporting period,14868,1,2022,0
2022-01-11,30/11/2022,Final,England; Disability,England,England,10,Speech,MHS01,People in contact with services at the end of the reporting period,11884,1,2022,0
2022-01-11,30/11/2022,Final,England; Disability,England,England,NN,No DISABILITY,MHS01,People in contact with services at the end of the reporting period,87326,1,2022,1
2022-01-11,30/11/2022,Final,England; Disability,England,England,UNKNOWN,UNKNOWN,MHS01,People in contact with services at the end of the reporting period,1437949,1,2022,1
2022-01-11,30/11/2022,Final,England; Disability,England,England,XX,Other (not listed),MHS01,People in contact with services at the end of the reporting period,22866,1,2022,1
2022-01-11,30/11/2022,Final,England; Disability,England,England,ZZ,Not Stated (PERSON asked but declined to provide a response),MHS01,People in contact with services at the end of the reporting period,25810,1,2022,1
2022-01-11,30/11/2022,Final,England; Employment Status,England,England,1,Employed,MHS01,People in contact with services at the end of the reporting period,50993,1,2022,0
2022-01-11,30/11/2022,Final,England; Employment Status,England,England,2,Unemployed and actively seeking work,MHS01,People in contact with services at the end of the reporting period,52097,1,2022,1
2022-01-11,30/11/2022,Final,England; Employment Status,England,England,3,Undertaking full (at least 16 hours per week) or part-time (less than 16 hours per week) education or training as a student and not working or actively seeking work,MHS01,People in contact with services at the end of the reporting period,64582,1,2022,1
2022-01-11,30/11/2022,Final,England; Employment Status,England,England,4,"Long-term sick or disabled, those receiving government sickness and disability benefits",MHS01,People in contact with services at the end of the reporting period,71193,1,2022,1
2022-01-11,30/11/2022,Final,England; Employment Status,England,England,5,Looking after the family or home as a homemaker and not working or actively seeking work,MHS01,People in contact with services at the end of the reporting period,5514,1,2022,0
2022-01-11,30/11/2022,Final,England; Employment Status,England,England,6,Not receiving government sickness and disability benefits and not working or actively seeking work,MHS01,People in contact with services at the end of the reporting period,5262,1,2022,0
2022-01-11,30/11/2022,Final,England; Employment Status,England,England,7,Unpaid voluntary work and not working or actively seeking work,MHS01,People in contact with services at the end of the reporting period,2725,1,2022,0
2022-01-11,30/11/2022,Final,England; Employment Status,England,England,8,Retired,MHS01,People in contact with services at the end of the reporting period,73853,1,2022,1
2022-01-11,30/11/2022,Final,England; Employment Status,England,England,UNKNOWN,UNKNOWN,MHS01,People in contact with services at the end of the reporting period,1295226,1,2022,1
2022-01-11,30/11/2022,Final,England; Employment Status,England,England,ZZ,Not Stated (PERSON asked but declined to provide a response),MHS01,People in contact with services at the end of the reporting period,36765,1,2022,0
2022-01-11,30/11/2022,Final,England; Ethnicity,England,England,99,Not Known,MHS01,People in contact with services at the end of the reporting period,138488,1,2022,1
2022-01-11,30/11/2022,Final,England; Ethnicity,England,England,A,British,MHS01,People in contact with services at the end of the reporting period,1008851,1,2022,1
2022-01-11,30/11/2022,Final,England; Ethnicity,England,England,B,Irish,MHS01,People in contact with services at the end of the reporting period,9627,1,2022,0
2022-01-11,30/11/2022,Final,England; Ethnicity,England,England,C,Any other White background,MHS01,People in contact with services at the end of the reporting period,62140,1,2022,1
2022-01-11,30/11/2022,Final,England; Ethnicity,England,England,D,White and Black Caribbean,MHS01,People in contact with services at the end of the reporting period,15092,1,2022,0
2022-01-11,30/11/2022,Final,England; Ethnicity,England,England,E,White and Black African,MHS01,People in contact with services at the end of the reporting period,5575,1,2022,0
2022-01-11,30/11/2022,Final,England; Ethnicity,England,England,F,White and Asian,MHS01,People in contact with services at the end of the reporting period,7937,1,2022,0
2022-01-11,30/11/2022,Final,England; Ethnicity,England,England,G,Any other mixed background,MHS01,People in contact with services at the end of the reporting period,33304,1,2022,1
2022-01-11,30/11/2022,Final,England; Ethnicity,England,England,H,Indian,MHS01,People in contact with services at the end of the reporting period,21605,1,2022,1
2022-01-11,30/11/2022,Final,England; Ethnicity,England,England,J,Pakistani,MHS01,People in contact with services at the end of the reporting period,26453,1,2022,1
2022-01-11,30/11/2022,Final,England; Ethnicity,England,England,K,Bangladeshi,MHS01,People in contact with services at the end of the reporting period,10159,1,2022,0
2022-01-11,30/11/2022,Final,England; Ethnicity,England,England,L,Any other Asian background,MHS01,People in contact with services at the end of the reporting period,18354,1,2022,0
2022-01-11,30/11/2022,Final,England; Ethnicity,England,England,M,Caribbean,MHS01,People in contact with services at the end of the reporting period,19704,1,2022,0
2022-01-11,30/11/2022,Final,England; Ethnicity,England,England,N,African,MHS01,People in contact with services at the end of the reporting period,21319,1,2022,1
2022-01-11,30/11/2022,Final,England; Ethnicity,England,England,P,Any other Black background,MHS01,People in contact with services at the end of the reporting period,15742,1,2022,0
2022-01-11,30/11/2022,Final,England; Ethnicity,England,England,R,Chinese,MHS01,People in contact with services at the end of the reporting period,3597,1,2022,0
2022-01-11,30/11/2022,Final,England; Ethnicity,England,England,S,Any other ethnic group,MHS01,People in contact with services at the end of the reporting period,40246,1,2022,1
2022-01-11,30/11/2022,Final,England; Ethnicity,England,England,UNKNOWN,UNKNOWN,MHS01,People in contact with services at the end of the reporting period,40170,1,2022,1
2022-01-11,30/11/2022,Final,England; Ethnicity,England,England,Z,Not stated,MHS01,People in contact with services at the end of the reporting period,159847,1,2022,1
2022-01-11,30/11/2022,Final,England; Gender,England,England,1,Male (including trans man),MHS01,People in contact with services at the end of the reporting period,764274,1,2022,1
2022-01-11,30/11/2022,Final,England; Gender,England,England,2,Female (including trans woman),MHS01,People in contact with services at the end of the reporting period,877288,1,2022,1
2022-01-11,30/11/2022,Final,England; Gender,England,England,3,Non-binary,MHS01,People in contact with services at the end of the reporting period,1945,1,2022,0
2022-01-11,30/11/2022,Final,England; Gender,England,England,4,Other (not listed),MHS01,People in contact with services at the end of the reporting period,1017,1,2022,0
2022-01-11,30/11/2022,Final,England; Gender,England,England,9,Indeterminate (unable to be classified as either male or female),MHS01,People in contact with services at the end of the reporting period,1288,1,2022,0
2022-01-11,30/11/2022,Final,England; Gender,England,England,UNKNOWN,UNKNOWN,MHS01,People in contact with services at the end of the reporting period,12398,1,2022,1
2022-01-11,30/11/2022,Final,England; IMD Decile,England,England,01 Most deprived,01 Most deprived,MHS01,People in contact with services at the end of the reporting period,244263,1,2022,1
2022-01-11,30/11/2022,Final,England; IMD Decile,England,England,02 More deprived,02 More deprived,MHS01,People in contact with services at the end of the reporting period,210644,1,2022,1
2022-01-11,30/11/2022,Final,England; IMD Decile,England,England,03 More deprived,03 More deprived,MHS01,People in contact with services at the end of the reporting period,192017,1,2022,1
2022-01-11,30/11/2022,Final,England; IMD Decile,England,England,04 More deprived,04 More deprived,MHS01,People in contact with services at the end of the reporting period,172270,1,2022,1
2022-01-11,30/11/2022,Final,England; IMD Decile,England,England,05 More deprived,05 More deprived,MHS01,People in contact with services at the end of the reporting period,157986,1,2022,1
2022-01-11,30/11/2022,Final,England; IMD Decile,England,England,06 Less deprived,06 Less deprived,MHS01,People in contact with services at the end of the reporting period,147618,1,2022,1
2022-01-11,30/11/2022,Final,England; IMD Decile,England,England,07 Less deprived,07 Less deprived,MHS01,People in contact with services at the end of the reporting period,136060,1,2022,0
2022-01-11,30/11/2022,Final,England; IMD Decile,England,England,08 Less deprived,08 Less deprived,MHS01,People in contact with services at the end of the reporting period,129850,1,2022,0
2022-01-11,30/11/2022,Final,England; IMD Decile,England,England,09 Less deprived,09 Less deprived,MHS01,People in contact with services at the end of the reporting period,121907,1,2022,0
2022-01-11,30/11/2022,Final,England; IMD Decile,England,England,10 Least deprived,10 Least deprived,MHS01,People in contact with services at the end of the reporting period,112215,1,2022,0
2022-01-11,30/11/2022,Final,England; IMD Decile,England,England,UNKNOWN,UNKNOWN,MHS01,People in contact with services at the end of the reporting period,33380,1,2022,0
2022-01-11,30/11/2022,Final,England; Sexual Orientation,England,England,Asexual (not sexually attracted to either gender),Asexual (not sexually attracted to either gender),MHS01,People in contact with services at the end of the reporting period,1105,1,2022,0
2022-01-11,30/11/2022,Final,England; Sexual Orientation,England,England,Bisexual,Bisexual,MHS01,People in contact with services at the end of the reporting period,7542,1,2022,0
2022-01-11,30/11/2022,Final,England; Sexual Orientation,England,England,Gay or Lesbian,Gay or Lesbian,MHS01,People in contact with services at the end of the reporting period,18244,1,2022,0
2022-01-11,30/11/2022,Final,England; Sexual Orientation,England,England,Heterosexual or Straight,Heterosexual or Straight,MHS01,People in contact with services at the end of the reporting period,201098,1,2022,1
2022-01-11,30/11/2022,Final,England; Sexual Orientation,England,England,Not Stated (Person asked but declined to provide a response),Not Stated (Person asked but declined to provide a response),MHS01,People in contact with services at the end of the reporting period,31449,1,2022,1
2022-01-11,30/11/2022,Final,England; Sexual Orientation,England,England,Not known (not recorded),Not known (not recorded),MHS01,People in contact with services at the end of the reporting period,176100,1,2022,1
2022-01-11,30/11/2022,Final,England; Sexual Orientation,England,England,Person asked and does not know or is not sure,Person asked and does not know or is not sure,MHS01,People in contact with services at the end of the reporting period,3061,1,2022,0
2022-01-11,30/11/2022,Final,England; Sexual Orientation,England,England,UNKNOWN,UNKNOWN,MHS01,People in contact with services at the end of the reporting period,1219653,1,2022,1
2022-01-12,31/12/2022,Final,England; Accommodation Type,England,England,1,Owner occupier,MHS01,People in contact with services at the end of the reporting period,93712,1,2022,1
2022-01-12,31/12/2022,Final,England; Accommodation Type,England,England,2,Tenant - Local Authority/Arms Length Management Organisation/registered social housing provider,MHS01,People in contact with services at the end of the reporting period,48752,1,2022,1
2022-01-12,31/12/2022,Final,England; Accommodation Type,England,England,3,Tenant - private landlord,MHS01,People in contact with services at the end of the reporting period,22713,1,2022,1
2022-01-12,31/12/2022,Final,England; Accommodation Type,England,England,4,Living with family,MHS01,People in contact with services at the end of the reporting period,58452,1,2022,1
2022-01-12,31/12/2022,Final,England; Accommodation Type,England,England,5,Living with friends,MHS01,People in contact with services at the end of the reporting period,13324,1,2022,1
2022-01-12,31/12/2022,Final,England; Accommodation Type,England,England,6,University or College accommodation,MHS01,People in contact with services at the end of the reporting period,1151,1,2022,0
2022-01-12,31/12/2022,Final,England; Accommodation Type,England,England,7,ACCOMMODATION tied to job (including Armed Forces),MHS01,People in contact with services at the end of the reporting period,92,1,2022,0
2022-01-12,31/12/2022,Final,England; Accommodation Type,England,England,8,Mobile ACCOMMODATION,MHS01,People in contact with services at the end of the reporting period,222,1,2022,0
2022-01-12,31/12/2022,Final,England; Accommodation Type,England,England,9,Care Home Services without Nursing,MHS01,People in contact with services at the end of the reporting period,6925,1,2022,1
2022-01-12,31/12/2022,Final,England; Accommodation Type,England,England,10,Care Home Services with Nursing,MHS01,People in contact with services at the end of the reporting period,8144,1,2022,1
2022-01-12,31/12/2022,Final,England; Accommodation Type,England,England,11,Specialist Housing (with suitable adaptations to meet impairment needs and support to live independently),MHS01,People in contact with services at the end of the reporting period,13089,1,2022,1
2022-01-12,31/12/2022,Final,England; Accommodation Type,England,England,12,Rough sleeper,MHS01,People in contact with services at the end of the reporting period,1652,1,2022,0
2022-01-12,31/12/2022,Final,England; Accommodation Type,England,England,13,Squatting,MHS01,People in contact with services at the end of the reporting period,380,1,2022,0
2022-01-12,31/12/2022,Final,England; Accommodation Type,England,England,14,Sofa surfing (sleeps on different friends floor each night),MHS01,People in contact with services at the end of the reporting period,617,1,2022,0
2022-01-12,31/12/2022,Final,England; Accommodation Type,England,England,15,Staying with friends/family as a short term guest,MHS01,People in contact with services at the end of the reporting period,21448,1,2022,1
2022-01-12,31/12/2022,Final,England; Accommodation Type,England,England,16,Bed and breakfast ACCOMMODATION to prevent or relieve homelessness,MHS01,People in contact with services at the end of the reporting period,1177,1,2022,0
2022-01-12,31/12/2022,Final,England; Accommodation Type,England,England,17,Sleeping in a night shelter,MHS01,People in contact with services at the end of the reporting period,401,1,2022,0
2022-01-12,31/12/2022,Final,England; Accommodation Type,England,England,18,Hostel to prevent or relieve homelessness,MHS01,People in contact with services at the end of the reporting period,880,1,2022,0
2022-01-12,31/12/2022,Final,England; Accommodation Type,England,England,19,Temporary housing to prevent or relieve homelessness,MHS01,People in contact with services at the end of the reporting period,1528,1,2022,0
2022-01-12,31/12/2022,Final,England; Accommodation Type,England,England,20,Admitted PATIENT settings,MHS01,People in contact with services at the end of the reporting period,6540,1,2022,1
2022-01-12,31/12/2022,Final,England; Accommodation Type,England,England,21,Criminal justice settings,MHS01,People in contact with services at the end of the reporting period,707,1,2022,0
2022-01-12,31/12/2022,Final,England; Accommodation Type,England,England,98,Other (not listed),MHS01,People in contact with services at the end of the reporting period,103771,1,2022,1
2022-01-12,31/12/2022,Final,England; Accommodation Type,England,England,UNKNOWN,UNKNOWN,MHS01,People in contact with services at the end of the reporting period,1254936,1,2022,1
2022-01-12,31/12/2022,Final,England; Age,England,England,0 to 5,0 to 5,MHS01,People in contact with services at the end of the reporting period,26204,1,2022,0
2022-01-12,31/12/2022,Final,England; Age,England,England,11 to 15,11 to 15,MHS01,People in contact with services at the end of the reporting period,234054,1,2022,1
2022-01-12,31/12/2022,Final,England; Age,England,England,16,16,MHS01,People in contact with services at the end of the reporting period,53720,1,2022,0
2022-01-12,31/12/2022,Final,England; Age,England,England,17,17,MHS01,People in contact with services at the end of the reporting period,45629,1,2022,0
2022-01-12,31/12/2022,Final,England; Age,England,England,18,18,MHS01,People in contact with services at the end of the reporting period,29167,1,2022,0
2022-01-12,31/12/2022,Final,England; Age,England,England,19,19,MHS01,People in contact with services at the end of the reporting period,25599,1,2022,0
2022-01-12,31/12/2022,Final,England; Age,England,England,20 to 24,20 to 24,MHS01,People in contact with services at the end of the reporting period,127813,1,2022,1
2022-01-12,31/12/2022,Final,England; Age,England,England,25 to 29,25 to 29,MHS01,People in contact with services at the end of the reporting period,123209,1,2022,1
2022-01-12,31/12/2022,Final,England; Age,England,England,30 to 34,30 to 34,MHS01,People in contact with services at the end of the reporting period,116252,1,2022,1
2022-01-12,31/12/2022,Final,England; Age,England,England,35 to 39,35 to 39,MHS01,People in contact with services at the end of the reporting period,98677,1,2022,1
2022-01-12,31/12/2022,Final,England; Age,England,England,40 to 44,40 to 44,MHS01,People in contact with services at the end of the reporting period,84393,1,2022,1
2022-01-12,31/12/2022,Final,England; Age,England,England,45 to 49,45 to 49,MHS01,People in contact with services at the end of the reporting period,71818,1,2022,1
2022-01-12,31/12/2022,Final,England; Age,England,England,50 to 54,50 to 54,MHS01,People in contact with services at the end of the reporting period,74226,1,2022,1
2022-01-12,31/12/2022,Final,England; Age,England,England,55 to 59,55 to 59,MHS01,People in contact with services at the end of the reporting period,68196,1,2022,1
2022-01-12,31/12/2022,Final,England; Age,England,England,6 to 10,6 to 10,MHS01,People in contact with services at the end of the reporting period,125641,1,2022,1
2022-01-12,31/12/2022,Final,England; Age,England,England,60 to 64,60 to 64,MHS01,People in contact with services at the end of the reporting period,54349,1,2022,0
2022-01-12,31/12/2022,Final,England; Age,England,England,65 to 69,65 to 69,MHS01,People in contact with services at the end of the reporting period,44005,1,2022,0
2022-01-12,31/12/2022,Final,England; Age,England,England,70 to 74,70 to 74,MHS01,People in contact with services at the end of the reporting period,47574,1,2022,0
2022-01-12,31/12/2022,Final,England; Age,England,England,75 to 79,75 to 79,MHS01,People in contact with services at the end of the reporting period,63659,1,2022,1
2022-01-12,31/12/2022,Final,England; Age,England,England,80 to 84,80 to 84,MHS01,People in contact with services at the end of the reporting period,62014,1,2022,1
2022-01-12,31/12/2022,Final,England; Age,England,England,85 to 89,85 to 89,MHS01,People in contact with services at the end of the reporting period,52348,1,2022,0
2022-01-12,31/12/2022,Final,England; Age,England,England,90 or over,90 or over,MHS01,People in contact with services at the end of the reporting period,30633,1,2022,0
2022-01-12,31/12/2022,Final,England; Age,England,England,UNKNOWN,UNKNOWN,MHS01,People in contact with services at the end of the reporting period,1433,1,2022,0
2022-01-12,31/12/2022,Final,England; Disability,England,England,1,Behaviour and Emotional,MHS01,People in contact with services at the end of the reporting period,36492,1,2022,1
2022-01-12,31/12/2022,Final,England; Disability,England,England,2,Hearing,MHS01,People in contact with services at the end of the reporting period,10749,1,2022,0
2022-01-12,31/12/2022,Final,England; Disability,England,England,3,Manual Dexterity,MHS01,People in contact with services at the end of the reporting period,5326,1,2022,0
2022-01-12,31/12/2022,Final,England; Disability,England,England,4,"Memory or ability to concentrate, learn or understand (Learning Disability)",MHS01,People in contact with services at the end of the reporting period,31065,1,2022,1
2022-01-12,31/12/2022,Final,England; Disability,England,England,5,Mobility and Gross Motor,MHS01,People in contact with services at the end of the reporting period,20079,1,2022,1
2022-01-12,31/12/2022,Final,England; Disability,England,England,6,Perception of Physical Danger,MHS01,People in contact with services at the end of the reporting period,6578,1,2022,0
2022-01-12,31/12/2022,Final,England; Disability,England,England,7,"Personal, Self Care and Continence",MHS01,People in contact with services at the end of the reporting period,14310,1,2022,0
2022-01-12,31/12/2022,Final,England; Disability,England,England,8,"Progressive Conditions and Physical Health (such as HIV, cancer, multiple sclerosis, fits etc)",MHS01,People in contact with services at the end of the reporting period,17774,1,2022,0
2022-01-12,31/12/2022,Final,England; Disability,England,England,9,Sight,MHS01,People in contact with services at the end of the reporting period,14841,1,2022,0
2022-01-12,31/12/2022,Final,England; Disability,England,England,10,Speech,MHS01,People in contact with services at the end of the reporting period,11753,1,2022,0
2022-01-12,31/12/2022,Final,England; Disability,England,England,NN,No DISABILITY,MHS01,People in contact with services at the end of the reporting period,87949,1,2022,1
2022-01-12,31/12/2022,Final,England; Disability,England,England,UNKNOWN,UNKNOWN,MHS01,People in contact with services at the end of the reporting period,1439522,1,2022,1
2022-01-12,31/12/2022,Final,England; Disability,England,England,XX,Other (not listed),MHS01,People in contact with services at the end of the reporting period,23164,1,2022,1
2022-01-12,31/12/2022,Final,England; Disability,England,England,ZZ,Not Stated (PERSON asked but declined to provide a response),MHS01,People in contact with services at the end of the reporting period,26122,1,2022,1
2022-01-12,31/12/2022,Final,England; Employment Status,England,England,1,Employed,MHS01,People in contact with services at the end of the reporting period,50375,1,2022,0
2022-01-12,31/12/2022,Final,England; Employment Status,England,England,2,Unemployed and actively seeking work,MHS01,People in contact with services at the end of the reporting period,51558,1,2022,0
2022-01-12,31/12/2022,Final,England; Employment Status,England,England,3,Undertaking full (at least 16 hours per week) or part-time (less than 16 hours per week) education or training as a student and not working or actively seeking work,MHS01,People in contact with services at the end of the reporting period,63478,1,2022,1
2022-01-12,31/12/2022,Final,England; Employment Status,England,England,4,"Long-term sick or disabled, those receiving government sickness and disability benefits",MHS01,People in contact with services at the end of the reporting period,70044,1,2022,1
2022-01-12,31/12/2022,Final,England; Employment Status,England,England,5,Looking after the family or home as a homemaker and not working or actively seeking work,MHS01,People in contact with services at the end of the reporting period,5395,1,2022,0
2022-01-12,31/12/2022,Final,England; Employment Status,England,England,6,Not receiving government sickness and disability benefits and not working or actively seeking work,MHS01,People in contact with services at the end of the reporting period,5194,1,2022,0
2022-01-12,31/12/2022,Final,England; Employment Status,England,England,7,Unpaid voluntary work and not working or actively seeking work,MHS01,People in contact with services at the end of the reporting period,2732,1,2022,0
2022-01-12,31/12/2022,Final,England; Employment Status,England,England,8,Retired,MHS01,People in contact with services at the end of the reporting period,72242,1,2022,1
2022-01-12,31/12/2022,Final,England; Employment Status,England,England,UNKNOWN,UNKNOWN,MHS01,People in contact with services at the end of the reporting period,1303277,1,2022,1
2022-01-12,31/12/2022,Final,England; Employment Status,England,England,ZZ,Not Stated (PERSON asked but declined to provide a response),MHS01,People in contact with services at the end of the reporting period,36318,1,2022,0
2022-01-12,31/12/2022,Final,England; Ethnicity,England,England,99,Not Known,MHS01,People in contact with services at the end of the reporting period,141576,1,2022,1
2022-01-12,31/12/2022,Final,England; Ethnicity,England,England,A,British,MHS01,People in contact with services at the end of the reporting period,1006295,1,2022,1
2022-01-12,31/12/2022,Final,England; Ethnicity,England,England,B,Irish,MHS01,People in contact with services at the end of the reporting period,9637,1,2022,0
2022-01-12,31/12/2022,Final,England; Ethnicity,England,England,C,Any other White background,MHS01,People in contact with services at the end of the reporting period,62006,1,2022,1
2022-01-12,31/12/2022,Final,England; Ethnicity,England,England,D,White and Black Caribbean,MHS01,People in contact with services at the end of the reporting period,15215,1,2022,0
2022-01-12,31/12/2022,Final,England; Ethnicity,England,England,E,White and Black African,MHS01,People in contact with services at the end of the reporting period,5655,1,2022,0
2022-01-12,31/12/2022,Final,England; Ethnicity,England,England,F,White and Asian,MHS01,People in contact with services at the end of the reporting period,7917,1,2022,0
2022-01-12,31/12/2022,Final,England; Ethnicity,England,England,G,Any other mixed background,MHS01,People in contact with services at the end of the reporting period,33387,1,2022,1
2022-01-12,31/12/2022,Final,England; Ethnicity,England,England,H,Indian,MHS01,People in contact with services at the end of the reporting period,21521,1,2022,1
2022-01-12,31/12/2022,Final,England; Ethnicity,England,England,J,Pakistani,MHS01,People in contact with services at the end of the reporting period,26652,1,2022,1
2022-01-12,31/12/2022,Final,England; Ethnicity,England,England,K,Bangladeshi,MHS01,People in contact with services at the end of the reporting period,10187,1,2022,0
2022-01-12,31/12/2022,Final,England; Ethnicity,England,England,L,Any other Asian background,MHS01,People in contact with services at the end of the reporting period,18145,1,2022,0
2022-01-12,31/12/2022,Final,England; Ethnicity,England,England,M,Caribbean,MHS01,People in contact with services at the end of the reporting period,19783,1,2022,0
2022-01-12,31/12/2022,Final,England; Ethnicity,England,England,N,African,MHS01,People in contact with services at the end of the reporting period,21511,1,2022,1
2022-01-12,31/12/2022,Final,England; Ethnicity,England,England,P,Any other Black background,MHS01,People in contact with services at the end of the reporting period,15454,1,2022,0
2022-01-12,31/12/2022,Final,England; Ethnicity,England,England,R,Chinese,MHS01,People in contact with services at the end of the reporting period,3617,1,2022,0
2022-01-12,31/12/2022,Final,England; Ethnicity,England,England,S,Any other ethnic group,MHS01,People in contact with services at the end of the reporting period,40228,1,2022,1
2022-01-12,31/12/2022,Final,England; Ethnicity,England,England,UNKNOWN,UNKNOWN,MHS01,People in contact with services at the end of the reporting period,41672,1,2022,1
2022-01-12,31/12/2022,Final,England; Ethnicity,England,England,Z,Not stated,MHS01,People in contact with services at the end of the reporting period,160155,1,2022,1
2022-01-12,31/12/2022,Final,England; Gender,England,England,1,Male (including trans man),MHS01,People in contact with services at the end of the reporting period,766099,1,2022,1
2022-01-12,31/12/2022,Final,England; Gender,England,England,2,Female (including trans woman),MHS01,People in contact with services at the end of the reporting period,878230,1,2022,1
2022-01-12,31/12/2022,Final,England; Gender,England,England,3,Non-binary,MHS01,People in contact with services at the end of the reporting period,1922,1,2022,0
2022-01-12,31/12/2022,Final,England; Gender,England,England,4,Other (not listed),MHS01,People in contact with services at the end of the reporting period,1018,1,2022,0
2022-01-12,31/12/2022,Final,England; Gender,England,England,9,Indeterminate (unable to be classified as either male or female),MHS01,People in contact with services at the end of the reporting period,1203,1,2022,0
2022-01-12,31/12/2022,Final,England; Gender,England,England,UNKNOWN,UNKNOWN,MHS01,People in contact with services at the end of the reporting period,12141,1,2022,1
2022-01-12,31/12/2022,Final,England; IMD Decile,England,England,01 Most deprived,01 Most deprived,MHS01,People in contact with services at the end of the reporting period,245648,1,2022,1
2022-01-12,31/12/2022,Final,England; IMD Decile,England,England,02 More deprived,02 More deprived,MHS01,People in contact with services at the end of the reporting period,211029,1,2022,1
2022-01-12,31/12/2022,Final,England; IMD Decile,England,England,03 More deprived,03 More deprived,MHS01,People in contact with services at the end of the reporting period,192636,1,2022,1
2022-01-12,31/12/2022,Final,England; IMD Decile,England,England,04 More deprived,04 More deprived,MHS01,People in contact with services at the end of the reporting period,172482,1,2022,1
2022-01-12,31/12/2022,Final,England; IMD Decile,England,England,05 More deprived,05 More deprived,MHS01,People in contact with services at the end of the reporting period,158706,1,2022,1
2022-01-12,31/12/2022,Final,England; IMD Decile,England,England,06 Less deprived,06 Less deprived,MHS01,People in contact with services at the end of the reporting period,148111,1,2022,1
2022-01-12,31/12/2022,Final,England; IMD Decile,England,England,07 Less deprived,07 Less deprived,MHS01,People in contact with services at the end of the reporting period,136556,1,2022,0
2022-01-12,31/12/2022,Final,England; IMD Decile,England,England,08 Less deprived,08 Less deprived,MHS01,People in contact with services at the end of the reporting period,130541,1,2022,0
2022-01-12,31/12/2022,Final,England; IMD Decile,England,England,09 Less deprived,09 Less deprived,MHS01,People in contact with services at the end of the reporting period,122374,1,2022,0
2022-01-12,31/12/2022,Final,England; IMD Decile,England,England,10 Least deprived,10 Least deprived,MHS01,People in contact with services at the end of the reporting period,112661,1,2022,0
2022-01-12,31/12/2022,Final,England; IMD Decile,England,England,UNKNOWN,UNKNOWN,MHS01,People in contact with services at the end of the reporting period,29869,1,2022,0
2022-01-12,31/12/2022,Final,England; Sexual Orientation,England,England,Asexual (not sexually attracted to either gender),Asexual (not sexually attracted to either gender),MHS01,People in contact with services at the end of the reporting period,1106,1,2022,0
2022-01-12,31/12/2022,Final,England; Sexual Orientation,England,England,Bisexual,Bisexual,MHS01,People in contact with services at the end of the reporting period,7581,1,2022,0
2022-01-12,31/12/2022,Final,England; Sexual Orientation,England,England,Gay or Lesbian,Gay or Lesbian,MHS01,People in contact with services at the end of the reporting period,18512,1,2022,0
2022-01-12,31/12/2022,Final,England; Sexual Orientation,England,England,Heterosexual or Straight,Heterosexual or Straight,MHS01,People in contact with services at the end of the reporting period,200305,1,2022,1
2022-01-12,31/12/2022,Final,England; Sexual Orientation,England,England,Not Stated (Person asked but declined to provide a response),Not Stated (Person asked but declined to provide a response),MHS01,People in contact with services at the end of the reporting period,31378,1,2022,1
2022-01-12,31/12/2022,Final,England; Sexual Orientation,England,England,Not known (not recorded),Not known (not recorded),MHS01,People in contact with services at the end of the reporting period,177355,1,2022,1
2022-01-12,31/12/2022,Final,England; Sexual Orientation,England,England,Person asked and does not know or is not sure,Person asked and does not know or is not sure,MHS01,People in contact with services at the end of the reporting period,3032,1,2022,0
2022-01-12,31/12/2022,Final,England; Sexual Orientation,England,England,UNKNOWN,UNKNOWN,MHS01,People in contact with services at the end of the reporting period,1221429,1,2022,1
2023-01-01,31/01/2023,Final,England; Accommodation Type,England,England,1,Owner occupier,MHS01,People in contact with services at the end of the reporting period,94250,1,2023,1
2023-01-01,31/01/2023,Final,England; Accommodation Type,England,England,2,Tenant - Local Authority/Arms Length Management Organisation/registered social housing provider,MHS01,People in contact with services at the end of the reporting period,49277,1,2023,1
2023-01-01,31/01/2023,Final,England; Accommodation Type,England,England,3,Tenant - private landlord,MHS01,People in contact with services at the end of the reporting period,22892,1,2023,1
2023-01-01,31/01/2023,Final,England; Accommodation Type,England,England,4,Living with family,MHS01,People in contact with services at the end of the reporting period,59093,1,2023,1
2023-01-01,31/01/2023,Final,England; Accommodation Type,England,England,5,Living with friends,MHS01,People in contact with services at the end of the reporting period,13415,1,2023,1
2023-01-01,31/01/2023,Final,England; Accommodation Type,England,England,6,University or College accommodation,MHS01,People in contact with services at the end of the reporting period,1133,1,2023,0
2023-01-01,31/01/2023,Final,England; Accommodation Type,England,England,7,ACCOMMODATION tied to job (including Armed Forces),MHS01,People in contact with services at the end of the reporting period,91,1,2023,0
2023-01-01,31/01/2023,Final,England; Accommodation Type,England,England,8,Mobile ACCOMMODATION,MHS01,People in contact with services at the end of the reporting period,217,1,2023,0
2023-01-01,31/01/2023,Final,England; Accommodation Type,England,England,9,Care Home Services without Nursing,MHS01,People in contact with services at the end of the reporting period,6866,1,2023,1
2023-01-01,31/01/2023,Final,England; Accommodation Type,England,England,10,Care Home Services with Nursing,MHS01,People in contact with services at the end of the reporting period,8196,1,2023,1
2023-01-01,31/01/2023,Final,England; Accommodation Type,England,England,11,Specialist Housing (with suitable adaptations to meet impairment needs and support to live independently),MHS01,People in contact with services at the end of the reporting period,12834,1,2023,1
2023-01-01,31/01/2023,Final,England; Accommodation Type,England,England,12,Rough sleeper,MHS01,People in contact with services at the end of the reporting period,1658,1,2023,0
2023-01-01,31/01/2023,Final,England; Accommodation Type,England,England,13,Squatting,MHS01,People in contact with services at the end of the reporting period,346,1,2023,0
2023-01-01,31/01/2023,Final,England; Accommodation Type,England,England,14,Sofa surfing (sleeps on different friends floor each night),MHS01,People in contact with services at the end of the reporting period,614,1,2023,0
2023-01-01,31/01/2023,Final,England; Accommodation Type,England,England,15,Staying with friends/family as a short term guest,MHS01,People in contact with services at the end of the reporting period,21653,1,2023,1
2023-01-01,31/01/2023,Final,England; Accommodation Type,England,England,16,Bed and breakfast ACCOMMODATION to prevent or relieve homelessness,MHS01,People in contact with services at the end of the reporting period,1150,1,2023,0
2023-01-01,31/01/2023,Final,England; Accommodation Type,England,England,17,Sleeping in a night shelter,MHS01,People in contact with services at the end of the reporting period,399,1,2023,0
2023-01-01,31/01/2023,Final,England; Accommodation Type,England,England,18,Hostel to prevent or relieve homelessness,MHS01,People in contact with services at the end of the reporting period,852,1,2023,0
2023-01-01,31/01/2023,Final,England; Accommodation Type,England,England,19,Temporary housing to prevent or relieve homelessness,MHS01,People in contact with services at the end of the reporting period,1562,1,2023,0
2023-01-01,31/01/2023,Final,England; Accommodation Type,England,England,20,Admitted PATIENT settings,MHS01,People in contact with services at the end of the reporting period,6491,1,2023,0
2023-01-01,31/01/2023,Final,England; Accommodation Type,England,England,21,Criminal justice settings,MHS01,People in contact with services at the end of the reporting period,701,1,2023,0
2023-01-01,31/01/2023,Final,England; Accommodation Type,England,England,98,Other (not listed),MHS01,People in contact with services at the end of the reporting period,105707,1,2023,1
2023-01-01,31/01/2023,Final,England; Accommodation Type,England,England,UNKNOWN,UNKNOWN,MHS01,People in contact with services at the end of the reporting period,1286519,1,2023,1
2023-01-01,31/01/2023,Final,England; Age,England,England,0 to 5,0 to 5,MHS01,People in contact with services at the end of the reporting period,27137,1,2023,0
2023-01-01,31/01/2023,Final,England; Age,England,England,11 to 15,11 to 15,MHS01,People in contact with services at the end of the reporting period,242459,1,2023,1
2023-01-01,31/01/2023,Final,England; Age,England,England,16,16,MHS01,People in contact with services at the end of the reporting period,55690,1,2023,0
2023-01-01,31/01/2023,Final,England; Age,England,England,17,17,MHS01,People in contact with services at the end of the reporting period,46224,1,2023,0
2023-01-01,31/01/2023,Final,England; Age,England,England,18,18,MHS01,People in contact with services at the end of the reporting period,29843,1,2023,0
2023-01-01,31/01/2023,Final,England; Age,England,England,19,19,MHS01,People in contact with services at the end of the reporting period,26303,1,2023,0
2023-01-01,31/01/2023,Final,England; Age,England,England,20 to 24,20 to 24,MHS01,People in contact with services at the end of the reporting period,129809,1,2023,1
2023-01-01,31/01/2023,Final,England; Age,England,England,25 to 29,25 to 29,MHS01,People in contact with services at the end of the reporting period,125960,1,2023,1
2023-01-01,31/01/2023,Final,England; Age,England,England,30 to 34,30 to 34,MHS01,People in contact with services at the end of the reporting period,118788,1,2023,1
2023-01-01,31/01/2023,Final,England; Age,England,England,35 to 39,35 to 39,MHS01,People in contact with services at the end of the reporting period,101126,1,2023,1
2023-01-01,31/01/2023,Final,England; Age,England,England,40 to 44,40 to 44,MHS01,People in contact with services at the end of the reporting period,86205,1,2023,1
2023-01-01,31/01/2023,Final,England; Age,England,England,45 to 49,45 to 49,MHS01,People in contact with services at the end of the reporting period,72958,1,2023,1
2023-01-01,31/01/2023,Final,England; Age,England,England,50 to 54,50 to 54,MHS01,People in contact with services at the end of the reporting period,75345,1,2023,1
2023-01-01,31/01/2023,Final,England; Age,England,England,55 to 59,55 to 59,MHS01,People in contact with services at the end of the reporting period,69329,1,2023,1
2023-01-01,31/01/2023,Final,England; Age,England,England,6 to 10,6 to 10,MHS01,People in contact with services at the end of the reporting period,129776,1,2023,1
2023-01-01,31/01/2023,Final,England; Age,England,England,60 to 64,60 to 64,MHS01,People in contact with services at the end of the reporting period,55099,1,2023,0
2023-01-01,31/01/2023,Final,England; Age,England,England,65 to 69,65 to 69,MHS01,People in contact with services at the end of the reporting period,44555,1,2023,0
2023-01-01,31/01/2023,Final,England; Age,England,England,70 to 74,70 to 74,MHS01,People in contact with services at the end of the reporting period,47959,1,2023,0
2023-01-01,31/01/2023,Final,England; Age,England,England,75 to 79,75 to 79,MHS01,People in contact with services at the end of the reporting period,64041,1,2023,1
2023-01-01,31/01/2023,Final,England; Age,England,England,80 to 84,80 to 84,MHS01,People in contact with services at the end of the reporting period,62377,1,2023,1
2023-01-01,31/01/2023,Final,England; Age,England,England,85 to 89,85 to 89,MHS01,People in contact with services at the end of the reporting period,52481,1,2023,0
2023-01-01,31/01/2023,Final,England; Age,England,England,90 or over,90 or over,MHS01,People in contact with services at the end of the reporting period,30769,1,2023,0
2023-01-01,31/01/2023,Final,England; Age,England,England,UNKNOWN,UNKNOWN,MHS01,People in contact with services at the end of the reporting period,1683,1,2023,0
2023-01-01,31/01/2023,Final,England; Disability,England,England,1,Behaviour and Emotional,MHS01,People in contact with services at the end of the reporting period,36457,1,2023,1
2023-01-01,31/01/2023,Final,England; Disability,England,England,2,Hearing,MHS01,People in contact with services at the end of the reporting period,10716,1,2023,0
2023-01-01,31/01/2023,Final,England; Disability,England,England,3,Manual Dexterity,MHS01,People in contact with services at the end of the reporting period,5256,1,2023,0
2023-01-01,31/01/2023,Final,England; Disability,England,England,4,"Memory or ability to concentrate, learn or understand (Learning Disability)",MHS01,People in contact with services at the end of the reporting period,31134,1,2023,1
2023-01-01,31/01/2023,Final,England; Disability,England,England,5,Mobility and Gross Motor,MHS01,People in contact with services at the end of the reporting period,20004,1,2023,1
2023-01-01,31/01/2023,Final,England; Disability,England,England,6,Perception of Physical Danger,MHS01,People in contact with services at the end of the reporting period,6634,1,2023,0
2023-01-01,31/01/2023,Final,England; Disability,England,England,7,"Personal, Self Care and Continence",MHS01,People in contact with services at the end of the reporting period,14288,1,2023,0
2023-01-01,31/01/2023,Final,England; Disability,England,England,8,"Progressive Conditions and Physical Health (such as HIV, cancer, multiple sclerosis, fits etc)",MHS01,People in contact with services at the end of the reporting period,17840,1,2023,0
2023-01-01,31/01/2023,Final,England; Disability,England,England,9,Sight,MHS01,People in contact with services at the end of the reporting period,14924,1,2023,0
2023-01-01,31/01/2023,Final,England; Disability,England,England,10,Speech,MHS01,People in contact with services at the end of the reporting period,11767,1,2023,0
2023-01-01,31/01/2023,Final,England; Disability,England,England,NN,No DISABILITY,MHS01,People in contact with services at the end of the reporting period,90232,1,2023,1
2023-01-01,31/01/2023,Final,England; Disability,England,England,UNKNOWN,UNKNOWN,MHS01,People in contact with services at the end of the reporting period,1470083,1,2023,1
2023-01-01,31/01/2023,Final,England; Disability,England,England,XX,Other (not listed),MHS01,People in contact with services at the end of the reporting period,24095,1,2023,1
2023-01-01,31/01/2023,Final,England; Disability,England,England,ZZ,Not Stated (PERSON asked but declined to provide a response),MHS01,People in contact with services at the end of the reporting period,27451,1,2023,1
2023-01-01,31/01/2023,Final,England; Employment Status,England,England,1,Employed,MHS01,People in contact with services at the end of the reporting period,51169,1,2023,0
2023-01-01,31/01/2023,Final,England; Employment Status,England,England,2,Unemployed and actively seeking work,MHS01,People in contact with services at the end of the reporting period,52670,1,2023,1
2023-01-01,31/01/2023,Final,England; Employment Status,England,England,3,Undertaking full (at least 16 hours per week) or part-time (less than 16 hours per week) education or training as a student and not working or actively seeking work,MHS01,People in contact with services at the end of the reporting period,63881,1,2023,1
2023-01-01,31/01/2023,Final,England; Employment Status,England,England,4,"Long-term sick or disabled, those receiving government sickness and disability benefits",MHS01,People in contact with services at the end of the reporting period,69539,1,2023,1
2023-01-01,31/01/2023,Final,England; Employment Status,England,England,5,Looking after the family or home as a homemaker and not working or actively seeking work,MHS01,People in contact with services at the end of the reporting period,5418,1,2023,0
2023-01-01,31/01/2023,Final,England; Employment Status,England,England,6,Not receiving government sickness and disability benefits and not working or actively seeking work,MHS01,People in contact with services at the end of the reporting period,5420,1,2023,0
2023-01-01,31/01/2023,Final,England; Employment Status,England,England,7,Unpaid voluntary work and not working or actively seeking work,MHS01,People in contact with services at the end of the reporting period,2732,1,2023,0
2023-01-01,31/01/2023,Final,England; Employment Status,England,England,8,Retired,MHS01,People in contact with services at the end of the reporting period,71828,1,2023,1
2023-01-01,31/01/2023,Final,England; Employment Status,England,England,UNKNOWN,UNKNOWN,MHS01,People in contact with services at the end of the reporting period,1336512,1,2023,1
2023-01-01,31/01/2023,Final,England; Employment Status,England,England,ZZ,Not Stated (PERSON asked but declined to provide a response),MHS01,People in contact with services at the end of the reporting period,36747,1,2023,0
2023-01-01,31/01/2023,Final,England; Ethnicity,England,England,99,Not Known,MHS01,People in contact with services at the end of the reporting period,149533,1,2023,1
2023-01-01,31/01/2023,Final,England; Ethnicity,England,England,A,British,MHS01,People in contact with services at the end of the reporting period,1022010,1,2023,1
2023-01-01,31/01/2023,Final,England; Ethnicity,England,England,B,Irish,MHS01,People in contact with services at the end of the reporting period,9816,1,2023,0
2023-01-01,31/01/2023,Final,England; Ethnicity,England,England,C,Any other White background,MHS01,People in contact with services at the end of the reporting period,63575,1,2023,1
2023-01-01,31/01/2023,Final,England; Ethnicity,England,England,D,White and Black Caribbean,MHS01,People in contact with services at the end of the reporting period,15750,1,2023,0
2023-01-01,31/01/2023,Final,England; Ethnicity,England,England,E,White and Black African,MHS01,People in contact with services at the end of the reporting period,5797,1,2023,0
2023-01-01,31/01/2023,Final,England; Ethnicity,England,England,F,White and Asian,MHS01,People in contact with services at the end of the reporting period,8115,1,2023,0
2023-01-01,31/01/2023,Final,England; Ethnicity,England,England,G,Any other mixed background,MHS01,People in contact with services at the end of the reporting period,34148,1,2023,1
2023-01-01,31/01/2023,Final,England; Ethnicity,England,England,H,Indian,MHS01,People in contact with services at the end of the reporting period,21933,1,2023,1
2023-01-01,31/01/2023,Final,England; Ethnicity,England,England,J,Pakistani,MHS01,People in contact with services at the end of the reporting period,27139,1,2023,1
2023-01-01,31/01/2023,Final,England; Ethnicity,England,England,K,Bangladeshi,MHS01,People in contact with services at the end of the reporting period,10267,1,2023,0
2023-01-01,31/01/2023,Final,England; Ethnicity,England,England,L,Any other Asian background,MHS01,People in contact with services at the end of the reporting period,18649,1,2023,0
2023-01-01,31/01/2023,Final,England; Ethnicity,England,England,M,Caribbean,MHS01,People in contact with services at the end of the reporting period,20104,1,2023,0
2023-01-01,31/01/2023,Final,England; Ethnicity,England,England,N,African,MHS01,People in contact with services at the end of the reporting period,21910,1,2023,1
2023-01-01,31/01/2023,Final,England; Ethnicity,England,England,P,Any other Black background,MHS01,People in contact with services at the end of the reporting period,15759,1,2023,0
2023-01-01,31/01/2023,Final,England; Ethnicity,England,England,R,Chinese,MHS01,People in contact with services at the end of the reporting period,3685,1,2023,0
2023-01-01,31/01/2023,Final,England; Ethnicity,England,England,S,Any other ethnic group,MHS01,People in contact with services at the end of the reporting period,41330,1,2023,1
2023-01-01,31/01/2023,Final,England; Ethnicity,England,England,UNKNOWN,UNKNOWN,MHS01,People in contact with services at the end of the reporting period,43192,1,2023,1
2023-01-01,31/01/2023,Final,England; Ethnicity,England,England,Z,Not stated,MHS01,People in contact with services at the end of the reporting period,163204,1,2023,1
2023-01-01,31/01/2023,Final,England; Gender,England,England,1,Male (including trans man),MHS01,People in contact with services at the end of the reporting period,759499,1,2023,1
2023-01-01,31/01/2023,Final,England; Gender,England,England,2,Female (including trans woman),MHS01,People in contact with services at the end of the reporting period,874178,1,2023,1
2023-01-01,31/01/2023,Final,England; Gender,England,England,3,Non-binary,MHS01,People in contact with services at the end of the reporting period,1901,1,2023,0
2023-01-01,31/01/2023,Final,England; Gender,England,England,4,Other (not listed),MHS01,People in contact with services at the end of the reporting period,1023,1,2023,0
2023-01-01,31/01/2023,Final,England; Gender,England,England,9,Indeterminate (unable to be classified as either male or female),MHS01,People in contact with services at the end of the reporting period,1282,1,2023,0
2023-01-01,31/01/2023,Final,England; Gender,England,England,UNKNOWN,UNKNOWN,MHS01,People in contact with services at the end of the reporting period,58033,1,2023,1
2023-01-01,31/01/2023,Final,England; IMD Decile,England,England,01 Most deprived,01 Most deprived,MHS01,People in contact with services at the end of the reporting period,250553,1,2023,1
2023-01-01,31/01/2023,Final,England; IMD Decile,England,England,02 More deprived,02 More deprived,MHS01,People in contact with services at the end of the reporting period,214771,1,2023,1
2023-01-01,31/01/2023,Final,England; IMD Decile,England,England,03 More deprived,03 More deprived,MHS01,People in contact with services at the end of the reporting period,196271,1,2023,1
2023-01-01,31/01/2023,Final,England; IMD Decile,England,England,04 More deprived,04 More deprived,MHS01,People in contact with services at the end of the reporting period,175666,1,2023,1
2023-01-01,31/01/2023,Final,England; IMD Decile,England,England,05 More deprived,05 More deprived,MHS01,People in contact with services at the end of the reporting period,161798,1,2023,1
2023-01-01,31/01/2023,Final,England; IMD Decile,England,England,06 Less deprived,06 Less deprived,MHS01,People in contact with services at the end of the reporting period,151352,1,2023,1
2023-01-01,31/01/2023,Final,England; IMD Decile,England,England,07 Less deprived,07 Less deprived,MHS01,People in contact with services at the end of the reporting period,139750,1,2023,0
2023-01-01,31/01/2023,Final,England; IMD Decile,England,England,08 Less deprived,08 Less deprived,MHS01,People in contact with services at the end of the reporting period,133645,1,2023,0
2023-01-01,31/01/2023,Final,England; IMD Decile,England,England,09 Less deprived,09 Less deprived,MHS01,People in contact with services at the end of the reporting period,125453,1,2023,0
2023-01-01,31/01/2023,Final,England; IMD Decile,England,England,10 Least deprived,10 Least deprived,MHS01,People in contact with services at the end of the reporting period,115411,1,2023,0
2023-01-01,31/01/2023,Final,England; IMD Decile,England,England,UNKNOWN,UNKNOWN,MHS01,People in contact with services at the end of the reporting period,31246,1,2023,0
2023-01-01,31/01/2023,Final,England; Sexual Orientation,England,England,Asexual (not sexually attracted to either gender),Asexual (not sexually attracted to either gender),MHS01,People in contact with services at the end of the reporting period,1131,1,2023,0
2023-01-01,31/01/2023,Final,England; Sexual Orientation,England,England,Bisexual,Bisexual,MHS01,People in contact with services at the end of the reporting period,7730,1,2023,0
2023-01-01,31/01/2023,Final,England; Sexual Orientation,England,England,Gay or Lesbian,Gay or Lesbian,MHS01,People in contact with services at the end of the reporting period,19108,1,2023,0
2023-01-01,31/01/2023,Final,England; Sexual Orientation,England,England,Heterosexual or Straight,Heterosexual or Straight,MHS01,People in contact with services at the end of the reporting period,202429,1,2023,1
2023-01-01,31/01/2023,Final,England; Sexual Orientation,England,England,Not Stated (Person asked but declined to provide a response),Not Stated (Person asked but declined to provide a response),MHS01,People in contact with services at the end of the reporting period,31557,1,2023,1
2023-01-01,31/01/2023,Final,England; Sexual Orientation,England,England,Not known (not recorded),Not known (not recorded),MHS01,People in contact with services at the end of the reporting period,180389,1,2023,1
2023-01-01,31/01/2023,Final,England; Sexual Orientation,England,England,Person asked and does not know or is not sure,Person asked and does not know or is not sure,MHS01,People in contact with services at the end of the reporting period,3071,1,2023,0
2023-01-01,31/01/2023,Final,England; Sexual Orientation,England,England,UNKNOWN,UNKNOWN,MHS01,People in contact with services at the end of the reporting period,1250513,1,2023,1
2023-01-02,28/02/2023,Final,England; Accommodation Type,England,England,1,Owner occupier,MHS01,People in contact with services at the end of the reporting period,93580,1,2023,1
2023-01-02,28/02/2023,Final,England; Accommodation Type,England,England,2,Tenant - Local Authority/Arms Length Management Organisation/registered social housing provider,MHS01,People in contact with services at the end of the reporting period,48733,1,2023,1
2023-01-02,28/02/2023,Final,England; Accommodation Type,England,England,3,Tenant - private landlord,MHS01,People in contact with services at the end of the reporting period,22349,1,2023,1
2023-01-02,28/02/2023,Final,England; Accommodation Type,England,England,4,Living with family,MHS01,People in contact with services at the end of the reporting period,59553,1,2023,1
2023-01-02,28/02/2023,Final,England; Accommodation Type,England,England,5,Living with friends,MHS01,People in contact with services at the end of the reporting period,13161,1,2023,1
2023-01-02,28/02/2023,Final,England; Accommodation Type,England,England,6,University or College accommodation,MHS01,People in contact with services at the end of the reporting period,1135,1,2023,0
2023-01-02,28/02/2023,Final,England; Accommodation Type,England,England,7,ACCOMMODATION tied to job (including Armed Forces),MHS01,People in contact with services at the end of the reporting period,88,1,2023,0
2023-01-02,28/02/2023,Final,England; Accommodation Type,England,England,8,Mobile ACCOMMODATION,MHS01,People in contact with services at the end of the reporting period,205,1,2023,0
2023-01-02,28/02/2023,Final,England; Accommodation Type,England,England,9,Care Home Services without Nursing,MHS01,People in contact with services at the end of the reporting period,6694,1,2023,1
2023-01-02,28/02/2023,Final,England; Accommodation Type,England,England,10,Care Home Services with Nursing,MHS01,People in contact with services at the end of the reporting period,8251,1,2023,1
2023-01-02,28/02/2023,Final,England; Accommodation Type,England,England,11,Specialist Housing (with suitable adaptations to meet impairment needs and support to live independently),MHS01,People in contact with services at the end of the reporting period,12722,1,2023,1
2023-01-02,28/02/2023,Final,England; Accommodation Type,England,England,12,Rough sleeper,MHS01,People in contact with services at the end of the reporting period,1646,1,2023,0
2023-01-02,28/02/2023,Final,England; Accommodation Type,England,England,13,Squatting,MHS01,People in contact with services at the end of the reporting period,309,1,2023,0
2023-01-02,28/02/2023,Final,England; Accommodation Type,England,England,14,Sofa surfing (sleeps on different friends floor each night),MHS01,People in contact with services at the end of the reporting period,612,1,2023,0
2023-01-02,28/02/2023,Final,England; Accommodation Type,England,England,15,Staying with friends/family as a short term guest,MHS01,People in contact with services at the end of the reporting period,21752,1,2023,1
2023-01-02,28/02/2023,Final,England; Accommodation Type,England,England,16,Bed and breakfast ACCOMMODATION to prevent or relieve homelessness,MHS01,People in contact with services at the end of the reporting period,1075,1,2023,0
2023-01-02,28/02/2023,Final,England; Accommodation Type,England,England,17,Sleeping in a night shelter,MHS01,People in contact with services at the end of the reporting period,381,1,2023,0
2023-01-02,28/02/2023,Final,England; Accommodation Type,England,England,18,Hostel to prevent or relieve homelessness,MHS01,People in contact with services at the end of the reporting period,859,1,2023,0
2023-01-02,28/02/2023,Final,England; Accommodation Type,England,England,19,Temporary housing to prevent or relieve homelessness,MHS01,People in contact with services at the end of the reporting period,1543,1,2023,0
2023-01-02,28/02/2023,Final,England; Accommodation Type,England,England,20,Admitted PATIENT settings,MHS01,People in contact with services at the end of the reporting period,6354,1,2023,0
2023-01-02,28/02/2023,Final,England; Accommodation Type,England,England,21,Criminal justice settings,MHS01,People in contact with services at the end of the reporting period,740,1,2023,0
2023-01-02,28/02/2023,Final,England; Accommodation Type,England,England,98,Other (not listed),MHS01,People in contact with services at the end of the reporting period,105767,1,2023,1
2023-01-02,28/02/2023,Final,England; Accommodation Type,England,England,UNKNOWN,UNKNOWN,MHS01,People in contact with services at the end of the reporting period,1328058,1,2023,1
2023-01-02,28/02/2023,Final,England; Age,England,England,0 to 5,0 to 5,MHS01,People in contact with services at the end of the reporting period,28103,1,2023,0
2023-01-02,28/02/2023,Final,England; Age,England,England,11 to 15,11 to 15,MHS01,People in contact with services at the end of the reporting period,246196,1,2023,1
2023-01-02,28/02/2023,Final,England; Age,England,England,16,16,MHS01,People in contact with services at the end of the reporting period,56922,1,2023,0
2023-01-02,28/02/2023,Final,England; Age,England,England,17,17,MHS01,People in contact with services at the end of the reporting period,46633,1,2023,0
2023-01-02,28/02/2023,Final,England; Age,England,England,18,18,MHS01,People in contact with services at the end of the reporting period,30447,1,2023,0
2023-01-02,28/02/2023,Final,England; Age,England,England,19,19,MHS01,People in contact with services at the end of the reporting period,26990,1,2023,0
2023-01-02,28/02/2023,Final,England; Age,England,England,20 to 24,20 to 24,MHS01,People in contact with services at the end of the reporting period,132909,1,2023,1
2023-01-02,28/02/2023,Final,England; Age,England,England,25 to 29,25 to 29,MHS01,People in contact with services at the end of the reporting period,129529,1,2023,1
2023-01-02,28/02/2023,Final,England; Age,England,England,30 to 34,30 to 34,MHS01,People in contact with services at the end of the reporting period,122312,1,2023,1
2023-01-02,28/02/2023,Final,England; Age,England,England,35 to 39,35 to 39,MHS01,People in contact with services at the end of the reporting period,104012,1,2023,1
2023-01-02,28/02/2023,Final,England; Age,England,England,40 to 44,40 to 44,MHS01,People in contact with services at the end of the reporting period,88672,1,2023,1
2023-01-02,28/02/2023,Final,England; Age,England,England,45 to 49,45 to 49,MHS01,People in contact with services at the end of the reporting period,74579,1,2023,1
2023-01-02,28/02/2023,Final,England; Age,England,England,50 to 54,50 to 54,MHS01,People in contact with services at the end of the reporting period,77214,1,2023,1
2023-01-02,28/02/2023,Final,England; Age,England,England,55 to 59,55 to 59,MHS01,People in contact with services at the end of the reporting period,70849,1,2023,1
2023-01-02,28/02/2023,Final,England; Age,England,England,6 to 10,6 to 10,MHS01,People in contact with services at the end of the reporting period,132365,1,2023,1
2023-01-02,28/02/2023,Final,England; Age,England,England,60 to 64,60 to 64,MHS01,People in contact with services at the end of the reporting period,56331,1,2023,0
2023-01-02,28/02/2023,Final,England; Age,England,England,65 to 69,65 to 69,MHS01,People in contact with services at the end of the reporting period,45494,1,2023,0
2023-01-02,28/02/2023,Final,England; Age,England,England,70 to 74,70 to 74,MHS01,People in contact with services at the end of the reporting period,48606,1,2023,0
2023-01-02,28/02/2023,Final,England; Age,England,England,75 to 79,75 to 79,MHS01,People in contact with services at the end of the reporting period,65404,1,2023,1
2023-01-02,28/02/2023,Final,England; Age,England,England,80 to 84,80 to 84,MHS01,People in contact with services at the end of the reporting period,63608,1,2023,1
2023-01-02,28/02/2023,Final,England; Age,England,England,85 to 89,85 to 89,MHS01,People in contact with services at the end of the reporting period,53865,1,2023,0
2023-01-02,28/02/2023,Final,England; Age,England,England,90 or over,90 or over,MHS01,People in contact with services at the end of the reporting period,31436,1,2023,0
2023-01-02,28/02/2023,Final,England; Age,England,England,UNKNOWN,UNKNOWN,MHS01,People in contact with services at the end of the reporting period,3091,1,2023,0
2023-01-02,28/02/2023,Final,England; Disability,England,England,1,Behaviour and Emotional,MHS01,People in contact with services at the end of the reporting period,37366,1,2023,1
2023-01-02,28/02/2023,Final,England; Disability,England,England,2,Hearing,MHS01,People in contact with services at the end of the reporting period,10765,1,2023,0
2023-01-02,28/02/2023,Final,England; Disability,England,England,3,Manual Dexterity,MHS01,People in contact with services at the end of the reporting period,5189,1,2023,0
2023-01-02,28/02/2023,Final,England; Disability,England,England,4,"Memory or ability to concentrate, learn or understand (Learning Disability)",MHS01,People in contact with services at the end of the reporting period,31219,1,2023,1
2023-01-02,28/02/2023,Final,England; Disability,England,England,5,Mobility and Gross Motor,MHS01,People in contact with services at the end of the reporting period,20073,1,2023,1
2023-01-02,28/02/2023,Final,England; Disability,England,England,6,Perception of Physical Danger,MHS01,People in contact with services at the end of the reporting period,6674,1,2023,0
2023-01-02,28/02/2023,Final,England; Disability,England,England,7,"Personal, Self Care and Continence",MHS01,People in contact with services at the end of the reporting period,14441,1,2023,0
2023-01-02,28/02/2023,Final,England; Disability,England,England,8,"Progressive Conditions and Physical Health (such as HIV, cancer, multiple sclerosis, fits etc)",MHS01,People in contact with services at the end of the reporting period,18101,1,2023,0
2023-01-02,28/02/2023,Final,England; Disability,England,England,9,Sight,MHS01,People in contact with services at the end of the reporting period,14985,1,2023,0
2023-01-02,28/02/2023,Final,England; Disability,England,England,10,Speech,MHS01,People in contact with services at the end of the reporting period,11847,1,2023,0
2023-01-02,28/02/2023,Final,England; Disability,England,England,NN,No DISABILITY,MHS01,People in contact with services at the end of the reporting period,92377,1,2023,1
2023-01-02,28/02/2023,Final,England; Disability,England,England,UNKNOWN,UNKNOWN,MHS01,People in contact with services at the end of the reporting period,1497959,1,2023,1
2023-01-02,28/02/2023,Final,England; Disability,England,England,XX,Other (not listed),MHS01,People in contact with services at the end of the reporting period,24193,1,2023,1
2023-01-02,28/02/2023,Final,England; Disability,England,England,ZZ,Not Stated (PERSON asked but declined to provide a response),MHS01,People in contact with services at the end of the reporting period,37103,1,2023,1
2023-01-02,28/02/2023,Final,England; Employment Status,England,England,1,Employed,MHS01,People in contact with services at the end of the reporting period,51062,1,2023,0
2023-01-02,28/02/2023,Final,England; Employment Status,England,England,2,Unemployed and actively seeking work,MHS01,People in contact with services at the end of the reporting period,53152,1,2023,1
2023-01-02,28/02/2023,Final,England; Employment Status,England,England,3,Undertaking full (at least 16 hours per week) or part-time (less than 16 hours per week) education or training as a student and not working or actively seeking work,MHS01,People in contact with services at the end of the reporting period,62748,1,2023,1
2023-01-02,28/02/2023,Final,England; Employment Status,England,England,4,"Long-term sick or disabled, those receiving government sickness and disability benefits",MHS01,People in contact with services at the end of the reporting period,69132,1,2023,1
2023-01-02,28/02/2023,Final,England; Employment Status,England,England,5,Looking after the family or home as a homemaker and not working or actively seeking work,MHS01,People in contact with services at the end of the reporting period,5303,1,2023,0
2023-01-02,28/02/2023,Final,England; Employment Status,England,England,6,Not receiving government sickness and disability benefits and not working or actively seeking work,MHS01,People in contact with services at the end of the reporting period,5410,1,2023,0
2023-01-02,28/02/2023,Final,England; Employment Status,England,England,7,Unpaid voluntary work and not working or actively seeking work,MHS01,People in contact with services at the end of the reporting period,2723,1,2023,0
2023-01-02,28/02/2023,Final,England; Employment Status,England,England,8,Retired,MHS01,People in contact with services at the end of the reporting period,71243,1,2023,1
2023-01-02,28/02/2023,Final,England; Employment Status,England,England,UNKNOWN,UNKNOWN,MHS01,People in contact with services at the end of the reporting period,1376644,1,2023,1
2023-01-02,28/02/2023,Final,England; Employment Status,England,England,ZZ,Not Stated (PERSON asked but declined to provide a response),MHS01,People in contact with services at the end of the reporting period,38150,1,2023,0
2023-01-02,28/02/2023,Final,England; Ethnicity,England,England,99,Not Known,MHS01,People in contact with services at the end of the reporting period,156736,1,2023,1
2023-01-02,28/02/2023,Final,England; Ethnicity,England,England,A,British,MHS01,People in contact with services at the end of the reporting period,1036351,1,2023,1
2023-01-02,28/02/2023,Final,England; Ethnicity,England,England,B,Irish,MHS01,People in contact with services at the end of the reporting period,10344,1,2023,0
2023-01-02,28/02/2023,Final,England; Ethnicity,England,England,C,Any other White background,MHS01,People in contact with services at the end of the reporting period,66188,1,2023,1
2023-01-02,28/02/2023,Final,England; Ethnicity,England,England,D,White and Black Caribbean,MHS01,People in contact with services at the end of the reporting period,16151,1,2023,0
2023-01-02,28/02/2023,Final,England; Ethnicity,England,England,E,White and Black African,MHS01,People in contact with services at the end of the reporting period,5986,1,2023,0
2023-01-02,28/02/2023,Final,England; Ethnicity,England,England,F,White and Asian,MHS01,People in contact with services at the end of the reporting period,8347,1,2023,0
2023-01-02,28/02/2023,Final,England; Ethnicity,England,England,G,Any other mixed background,MHS01,People in contact with services at the end of the reporting period,35052,1,2023,1
2023-01-02,28/02/2023,Final,England; Ethnicity,England,England,H,Indian,MHS01,People in contact with services at the end of the reporting period,22253,1,2023,1
2023-01-02,28/02/2023,Final,England; Ethnicity,England,England,J,Pakistani,MHS01,People in contact with services at the end of the reporting period,27651,1,2023,1
2023-01-02,28/02/2023,Final,England; Ethnicity,England,England,K,Bangladeshi,MHS01,People in contact with services at the end of the reporting period,10747,1,2023,0
2023-01-02,28/02/2023,Final,England; Ethnicity,England,England,L,Any other Asian background,MHS01,People in contact with services at the end of the reporting period,19121,1,2023,0
2023-01-02,28/02/2023,Final,England; Ethnicity,England,England,M,Caribbean,MHS01,People in contact with services at the end of the reporting period,20813,1,2023,0
2023-01-02,28/02/2023,Final,England; Ethnicity,England,England,N,African,MHS01,People in contact with services at the end of the reporting period,22737,1,2023,1
2023-01-02,28/02/2023,Final,England; Ethnicity,England,England,P,Any other Black background,MHS01,People in contact with services at the end of the reporting period,16362,1,2023,0
2023-01-02,28/02/2023,Final,England; Ethnicity,England,England,R,Chinese,MHS01,People in contact with services at the end of the reporting period,3799,1,2023,0
2023-01-02,28/02/2023,Final,England; Ethnicity,England,England,S,Any other ethnic group,MHS01,People in contact with services at the end of the reporting period,42762,1,2023,1
2023-01-02,28/02/2023,Final,England; Ethnicity,England,England,UNKNOWN,UNKNOWN,MHS01,People in contact with services at the end of the reporting period,48026,1,2023,1
2023-01-02,28/02/2023,Final,England; Ethnicity,England,England,Z,Not stated,MHS01,People in contact with services at the end of the reporting period,166141,1,2023,1
2023-01-02,28/02/2023,Final,England; Gender,England,England,1,Male (including trans man),MHS01,People in contact with services at the end of the reporting period,775690,1,2023,1
2023-01-02,28/02/2023,Final,England; Gender,England,England,2,Female (including trans woman),MHS01,People in contact with services at the end of the reporting period,895997,1,2023,1
2023-01-02,28/02/2023,Final,England; Gender,England,England,3,Non-binary,MHS01,People in contact with services at the end of the reporting period,1867,1,2023,0
2023-01-02,28/02/2023,Final,England; Gender,England,England,4,Other (not listed),MHS01,People in contact with services at the end of the reporting period,1097,1,2023,0
2023-01-02,28/02/2023,Final,England; Gender,England,England,9,Indeterminate (unable to be classified as either male or female),MHS01,People in contact with services at the end of the reporting period,1302,1,2023,0
2023-01-02,28/02/2023,Final,England; Gender,England,England,UNKNOWN,UNKNOWN,MHS01,People in contact with services at the end of the reporting period,59614,1,2023,1
2023-01-02,28/02/2023,Final,England; IMD Decile,England,England,01 Most deprived,01 Most deprived,MHS01,People in contact with services at the end of the reporting period,255198,1,2023,1
2023-01-02,28/02/2023,Final,England; IMD Decile,England,England,02 More deprived,02 More deprived,MHS01,People in contact with services at the end of the reporting period,220578,1,2023,1
2023-01-02,28/02/2023,Final,England; IMD Decile,England,England,03 More deprived,03 More deprived,MHS01,People in contact with services at the end of the reporting period,201841,1,2023,1
2023-01-02,28/02/2023,Final,England; IMD Decile,England,England,04 More deprived,04 More deprived,MHS01,People in contact with services at the end of the reporting period,180567,1,2023,1
2023-01-02,28/02/2023,Final,England; IMD Decile,England,England,05 More deprived,05 More deprived,MHS01,People in contact with services at the end of the reporting period,165265,1,2023,1
2023-01-02,28/02/2023,Final,England; IMD Decile,England,England,06 Less deprived,06 Less deprived,MHS01,People in contact with services at the end of the reporting period,155010,1,2023,1
2023-01-02,28/02/2023,Final,England; IMD Decile,England,England,07 Less deprived,07 Less deprived,MHS01,People in contact with services at the end of the reporting period,142322,1,2023,0
2023-01-02,28/02/2023,Final,England; IMD Decile,England,England,08 Less deprived,08 Less deprived,MHS01,People in contact with services at the end of the reporting period,136300,1,2023,0
2023-01-02,28/02/2023,Final,England; IMD Decile,England,England,09 Less deprived,09 Less deprived,MHS01,People in contact with services at the end of the reporting period,127828,1,2023,0
2023-01-02,28/02/2023,Final,England; IMD Decile,England,England,10 Least deprived,10 Least deprived,MHS01,People in contact with services at the end of the reporting period,117621,1,2023,0
2023-01-02,28/02/2023,Final,England; IMD Decile,England,England,UNKNOWN,UNKNOWN,MHS01,People in contact with services at the end of the reporting period,33037,1,2023,0
2023-01-02,28/02/2023,Final,England; Sexual Orientation,England,England,Asexual (not sexually attracted to either gender),Asexual (not sexually attracted to either gender),MHS01,People in contact with services at the end of the reporting period,1128,1,2023,0
2023-01-02,28/02/2023,Final,England; Sexual Orientation,England,England,Bisexual,Bisexual,MHS01,People in contact with services at the end of the reporting period,7803,1,2023,0
2023-01-02,28/02/2023,Final,England; Sexual Orientation,England,England,Gay or Lesbian,Gay or Lesbian,MHS01,People in contact with services at the end of the reporting period,19478,1,2023,0
2023-01-02,28/02/2023,Final,England; Sexual Orientation,England,England,Heterosexual or Straight,Heterosexual or Straight,MHS01,People in contact with services at the end of the reporting period,204122,1,2023,1
2023-01-02,28/02/2023,Final,England; Sexual Orientation,England,England,Not Stated (Person asked but declined to provide a response),Not Stated (Person asked but declined to provide a response),MHS01,People in contact with services at the end of the reporting period,31929,1,2023,1
2023-01-02,28/02/2023,Final,England; Sexual Orientation,England,England,Not known (not recorded),Not known (not recorded),MHS01,People in contact with services at the end of the reporting period,186710,1,2023,1
2023-01-02,28/02/2023,Final,England; Sexual Orientation,England,England,Person asked and does not know or is not sure,Person asked and does not know or is not sure,MHS01,People in contact with services at the end of the reporting period,3131,1,2023,0
2023-01-02,28/02/2023,Final,England; Sexual Orientation,England,England,UNKNOWN,UNKNOWN,MHS01,People in contact with services at the end of the reporting period,1281278,1,2023,1
2023-01-03,31/03/2023,Final,England; Accommodation Type,England,England,1,Owner occupier,MHS01,People in contact with services at the end of the reporting period,92553,1,2023,1
2023-01-03,31/03/2023,Final,England; Accommodation Type,England,England,2,Tenant - Local Authority/Arms Length Management Organisation/registered social housing provider,MHS01,People in contact with services at the end of the reporting period,48131,1,2023,1
2023-01-03,31/03/2023,Final,England; Accommodation Type,England,England,3,Tenant - private landlord,MHS01,People in contact with services at the end of the reporting period,21862,1,2023,1
2023-01-03,31/03/2023,Final,England; Accommodation Type,England,England,4,Living with family,MHS01,People in contact with services at the end of the reporting period,59993,1,2023,1
2023-01-03,31/03/2023,Final,England; Accommodation Type,England,England,5,Living with friends,MHS01,People in contact with services at the end of the reporting period,12986,1,2023,1
2023-01-03,31/03/2023,Final,England; Accommodation Type,England,England,6,University or College accommodation,MHS01,People in contact with services at the end of the reporting period,1115,1,2023,0
2023-01-03,31/03/2023,Final,England; Accommodation Type,England,England,7,ACCOMMODATION tied to job (including Armed Forces),MHS01,People in contact with services at the end of the reporting period,82,1,2023,0
2023-01-03,31/03/2023,Final,England; Accommodation Type,England,England,8,Mobile ACCOMMODATION,MHS01,People in contact with services at the end of the reporting period,208,1,2023,0
2023-01-03,31/03/2023,Final,England; Accommodation Type,England,England,9,Care Home Services without Nursing,MHS01,People in contact with services at the end of the reporting period,6632,1,2023,1
2023-01-03,31/03/2023,Final,England; Accommodation Type,England,England,10,Care Home Services with Nursing,MHS01,People in contact with services at the end of the reporting period,8382,1,2023,1
2023-01-03,31/03/2023,Final,England; Accommodation Type,England,England,11,Specialist Housing (with suitable adaptations to meet impairment needs and support to live independently),MHS01,People in contact with services at the end of the reporting period,12528,1,2023,1
2023-01-03,31/03/2023,Final,England; Accommodation Type,England,England,12,Rough sleeper,MHS01,People in contact with services at the end of the reporting period,1657,1,2023,0
2023-01-03,31/03/2023,Final,England; Accommodation Type,England,England,13,Squatting,MHS01,People in contact with services at the end of the reporting period,305,1,2023,0
2023-01-03,31/03/2023,Final,England; Accommodation Type,England,England,14,Sofa surfing (sleeps on different friends floor each night),MHS01,People in contact with services at the end of the reporting period,597,1,2023,0
2023-01-03,31/03/2023,Final,England; Accommodation Type,England,England,15,Staying with friends/family as a short term guest,MHS01,People in contact with services at the end of the reporting period,22144,1,2023,1
2023-01-03,31/03/2023,Final,England; Accommodation Type,England,England,16,Bed and breakfast ACCOMMODATION to prevent or relieve homelessness,MHS01,People in contact with services at the end of the reporting period,1070,1,2023,0
2023-01-03,31/03/2023,Final,England; Accommodation Type,England,England,17,Sleeping in a night shelter,MHS01,People in contact with services at the end of the reporting period,408,1,2023,0
2023-01-03,31/03/2023,Final,England; Accommodation Type,England,England,18,Hostel to prevent or relieve homelessness,MHS01,People in contact with services at the end of the reporting period,872,1,2023,0
2023-01-03,31/03/2023,Final,England; Accommodation Type,England,England,19,Temporary housing to prevent or relieve homelessness,MHS01,People in contact with services at the end of the reporting period,1554,1,2023,0
2023-01-03,31/03/2023,Final,England; Accommodation Type,England,England,20,Admitted PATIENT settings,MHS01,People in contact with services at the end of the reporting period,6293,1,2023,0
2023-01-03,31/03/2023,Final,England; Accommodation Type,England,England,21,Criminal justice settings,MHS01,People in contact with services at the end of the reporting period,774,1,2023,0
2023-01-03,31/03/2023,Final,England; Accommodation Type,England,England,98,Other (not listed),MHS01,People in contact with services at the end of the reporting period,107017,1,2023,1
2023-01-03,31/03/2023,Final,England; Accommodation Type,England,England,UNKNOWN,UNKNOWN,MHS01,People in contact with services at the end of the reporting period,1354036,1,2023,1
2023-01-03,31/03/2023,Final,England; Age,England,England,0 to 5,0 to 5,MHS01,People in contact with services at the end of the reporting period,29426,1,2023,0
2023-01-03,31/03/2023,Final,England; Age,England,England,11 to 15,11 to 15,MHS01,People in contact with services at the end of the reporting period,252575,1,2023,1
2023-01-03,31/03/2023,Final,England; Age,England,England,16,16,MHS01,People in contact with services at the end of the reporting period,57784,1,2023,0
2023-01-03,31/03/2023,Final,England; Age,England,England,17,17,MHS01,People in contact with services at the end of the reporting period,46994,1,2023,0
2023-01-03,31/03/2023,Final,England; Age,England,England,18,18,MHS01,People in contact with services at the end of the reporting period,30995,1,2023,0
2023-01-03,31/03/2023,Final,England; Age,England,England,19,19,MHS01,People in contact with services at the end of the reporting period,27602,1,2023,0
2023-01-03,31/03/2023,Final,England; Age,England,England,20 to 24,20 to 24,MHS01,People in contact with services at the end of the reporting period,134437,1,2023,1
2023-01-03,31/03/2023,Final,England; Age,England,England,25 to 29,25 to 29,MHS01,People in contact with services at the end of the reporting period,131667,1,2023,1
2023-01-03,31/03/2023,Final,England; Age,England,England,30 to 34,30 to 34,MHS01,People in contact with services at the end of the reporting period,124271,1,2023,1
2023-01-03,31/03/2023,Final,England; Age,England,England,35 to 39,35 to 39,MHS01,People in contact with services at the end of the reporting period,105462,1,2023,1
2023-01-03,31/03/2023,Final,England; Age,England,England,40 to 44,40 to 44,MHS01,People in contact with services at the end of the reporting period,89496,1,2023,1
2023-01-03,31/03/2023,Final,England; Age,England,England,45 to 49,45 to 49,MHS01,People in contact with services at the end of the reporting period,75122,1,2023,1
2023-01-03,31/03/2023,Final,England; Age,England,England,50 to 54,50 to 54,MHS01,People in contact with services at the end of the reporting period,77622,1,2023,1
2023-01-03,31/03/2023,Final,England; Age,England,England,55 to 59,55 to 59,MHS01,People in contact with services at the end of the reporting period,71282,1,2023,1
2023-01-03,31/03/2023,Final,England; Age,England,England,6 to 10,6 to 10,MHS01,People in contact with services at the end of the reporting period,136659,1,2023,1
2023-01-03,31/03/2023,Final,England; Age,England,England,60 to 64,60 to 64,MHS01,People in contact with services at the end of the reporting period,56692,1,2023,0
2023-01-03,31/03/2023,Final,England; Age,England,England,65 to 69,65 to 69,MHS01,People in contact with services at the end of the reporting period,45946,1,2023,0
2023-01-03,31/03/2023,Final,England; Age,England,England,70 to 74,70 to 74,MHS01,People in contact with services at the end of the reporting period,48726,1,2023,0
2023-01-03,31/03/2023,Final,England; Age,England,England,75 to 79,75 to 79,MHS01,People in contact with services at the end of the reporting period,65772,1,2023,1
2023-01-03,31/03/2023,Final,England; Age,England,England,80 to 84,80 to 84,MHS01,People in contact with services at the end of the reporting period,64276,1,2023,1
2023-01-03,31/03/2023,Final,England; Age,England,England,85 to 89,85 to 89,MHS01,People in contact with services at the end of the reporting period,54232,1,2023,0
2023-01-03,31/03/2023,Final,England; Age,England,England,90 or over,90 or over,MHS01,People in contact with services at the end of the reporting period,31672,1,2023,0
2023-01-03,31/03/2023,Final,England; Age,England,England,UNKNOWN,UNKNOWN,MHS01,People in contact with services at the end of the reporting period,2489,1,2023,0
2023-01-03,31/03/2023,Final,England; Disability,England,England,1,Behaviour and Emotional,MHS01,People in contact with services at the end of the reporting period,37108,1,2023,1
2023-01-03,31/03/2023,Final,England; Disability,England,England,2,Hearing,MHS01,People in contact with services at the end of the reporting period,10669,1,2023,0
2023-01-03,31/03/2023,Final,England; Disability,England,England,3,Manual Dexterity,MHS01,People in contact with services at the end of the reporting period,5122,1,2023,0
2023-01-03,31/03/2023,Final,England; Disability,England,England,4,"Memory or ability to concentrate, learn or understand (Learning Disability)",MHS01,People in contact with services at the end of the reporting period,31055,1,2023,1
2023-01-03,31/03/2023,Final,England; Disability,England,England,5,Mobility and Gross Motor,MHS01,People in contact with services at the end of the reporting period,19988,1,2023,1
2023-01-03,31/03/2023,Final,England; Disability,England,England,6,Perception of Physical Danger,MHS01,People in contact with services at the end of the reporting period,6678,1,2023,0
2023-01-03,31/03/2023,Final,England; Disability,England,England,7,"Personal, Self Care and Continence",MHS01,People in contact with services at the end of the reporting period,14380,1,2023,0
2023-01-03,31/03/2023,Final,England; Disability,England,England,8,"Progressive Conditions and Physical Health (such as HIV, cancer, multiple sclerosis, fits etc)",MHS01,People in contact with services at the end of the reporting period,17956,1,2023,0
2023-01-03,31/03/2023,Final,England; Disability,England,England,9,Sight,MHS01,People in contact with services at the end of the reporting period,15038,1,2023,0
2023-01-03,31/03/2023,Final,England; Disability,England,England,10,Speech,MHS01,People in contact with services at the end of the reporting period,11844,1,2023,0
2023-01-03,31/03/2023,Final,England; Disability,England,England,NN,No DISABILITY,MHS01,People in contact with services at the end of the reporting period,93657,1,2023,1
2023-01-03,31/03/2023,Final,England; Disability,England,England,UNKNOWN,UNKNOWN,MHS01,People in contact with services at the end of the reporting period,1520804,1,2023,1
2023-01-03,31/03/2023,Final,England; Disability,England,England,XX,Other (not listed),MHS01,People in contact with services at the end of the reporting period,24490,1,2023,1
2023-01-03,31/03/2023,Final,England; Disability,England,England,ZZ,Not Stated (PERSON asked but declined to provide a response),MHS01,People in contact with services at the end of the reporting period,38739,1,2023,1
2023-01-03,31/03/2023,Final,England; Employment Status,England,England,1,Employed,MHS01,People in contact with services at the end of the reporting period,49350,1,2023,0
2023-01-03,31/03/2023,Final,England; Employment Status,England,England,2,Unemployed and actively seeking work,MHS01,People in contact with services at the end of the reporting period,50598,1,2023,0
2023-01-03,31/03/2023,Final,England; Employment Status,England,England,3,Undertaking full (at least 16 hours per week) or part-time (less than 16 hours per week) education or training as a student and not working or actively seeking work,MHS01,People in contact with services at the end of the reporting period,63992,1,2023,1
2023-01-03,31/03/2023,Final,England; Employment Status,England,England,4,"Long-term sick or disabled, those receiving government sickness and disability benefits",MHS01,People in contact with services at the end of the reporting period,67092,1,2023,1
2023-01-03,31/03/2023,Final,England; Employment Status,England,England,5,Looking after the family or home as a homemaker and not working or actively seeking work,MHS01,People in contact with services at the end of the reporting period,5120,1,2023,0
2023-01-03,31/03/2023,Final,England; Employment Status,England,England,6,Not receiving government sickness and disability benefits and not working or actively seeking work,MHS01,People in contact with services at the end of the reporting period,5352,1,2023,0
2023-01-03,31/03/2023,Final,England; Employment Status,England,England,7,Unpaid voluntary work and not working or actively seeking work,MHS01,People in contact with services at the end of the reporting period,2141,1,2023,0
2023-01-03,31/03/2023,Final,England; Employment Status,England,England,8,Retired,MHS01,People in contact with services at the end of the reporting period,70147,1,2023,1
2023-01-03,31/03/2023,Final,England; Employment Status,England,England,UNKNOWN,UNKNOWN,MHS01,People in contact with services at the end of the reporting period,1410071,1,2023,1
2023-01-03,31/03/2023,Final,England; Employment Status,England,England,ZZ,Not Stated (PERSON asked but declined to provide a response),MHS01,People in contact with services at the end of the reporting period,37336,1,2023,0
2023-01-03,31/03/2023,Final,England; Ethnicity,England,England,99,Not Known,MHS01,People in contact with services at the end of the reporting period,162003,1,2023,1
2023-01-03,31/03/2023,Final,England; Ethnicity,England,England,A,British,MHS01,People in contact with services at the end of the reporting period,1046490,1,2023,1
2023-01-03,31/03/2023,Final,England; Ethnicity,England,England,B,Irish,MHS01,People in contact with services at the end of the reporting period,10328,1,2023,0
2023-01-03,31/03/2023,Final,England; Ethnicity,England,England,C,Any other White background,MHS01,People in contact with services at the end of the reporting period,66962,1,2023,1
2023-01-03,31/03/2023,Final,England; Ethnicity,England,England,D,White and Black Caribbean,MHS01,People in contact with services at the end of the reporting period,16504,1,2023,0
2023-01-03,31/03/2023,Final,England; Ethnicity,England,England,E,White and Black African,MHS01,People in contact with services at the end of the reporting period,6063,1,2023,0
2023-01-03,31/03/2023,Final,England; Ethnicity,England,England,F,White and Asian,MHS01,People in contact with services at the end of the reporting period,8476,1,2023,0
2023-01-03,31/03/2023,Final,England; Ethnicity,England,England,G,Any other mixed background,MHS01,People in contact with services at the end of the reporting period,35401,1,2023,1
2023-01-03,31/03/2023,Final,England; Ethnicity,England,England,H,Indian,MHS01,People in contact with services at the end of the reporting period,22677,1,2023,1
2023-01-03,31/03/2023,Final,England; Ethnicity,England,England,J,Pakistani,MHS01,People in contact with services at the end of the reporting period,27993,1,2023,1
2023-01-03,31/03/2023,Final,England; Ethnicity,England,England,K,Bangladeshi,MHS01,People in contact with services at the end of the reporting period,10943,1,2023,0
2023-01-03,31/03/2023,Final,England; Ethnicity,England,England,L,Any other Asian background,MHS01,People in contact with services at the end of the reporting period,19141,1,2023,0
2023-01-03,31/03/2023,Final,England; Ethnicity,England,England,M,Caribbean,MHS01,People in contact with services at the end of the reporting period,20994,1,2023,0
2023-01-03,31/03/2023,Final,England; Ethnicity,England,England,N,African,MHS01,People in contact with services at the end of the reporting period,23026,1,2023,1
2023-01-03,31/03/2023,Final,England; Ethnicity,England,England,P,Any other Black background,MHS01,People in contact with services at the end of the reporting period,16412,1,2023,0
2023-01-03,31/03/2023,Final,England; Ethnicity,England,England,R,Chinese,MHS01,People in contact with services at the end of the reporting period,3838,1,2023,0
2023-01-03,31/03/2023,Final,England; Ethnicity,England,England,S,Any other ethnic group,MHS01,People in contact with services at the end of the reporting period,43782,1,2023,1
2023-01-03,31/03/2023,Final,England; Ethnicity,England,England,UNKNOWN,UNKNOWN,MHS01,People in contact with services at the end of the reporting period,50164,1,2023,1
2023-01-03,31/03/2023,Final,England; Ethnicity,England,England,Z,Not stated,MHS01,People in contact with services at the end of the reporting period,170002,1,2023,1
2023-01-03,31/03/2023,Final,England; Gender,England,England,1,Male (including trans man),MHS01,People in contact with services at the end of the reporting period,786714,1,2023,1
2023-01-03,31/03/2023,Final,England; Gender,England,England,2,Female (including trans woman),MHS01,People in contact with services at the end of the reporting period,910851,1,2023,1
2023-01-03,31/03/2023,Final,England; Gender,England,England,3,Non-binary,MHS01,People in contact with services at the end of the reporting period,1796,1,2023,0
2023-01-03,31/03/2023,Final,England; Gender,England,England,4,Other (not listed),MHS01,People in contact with services at the end of the reporting period,1104,1,2023,0
2023-01-03,31/03/2023,Final,England; Gender,England,England,9,Indeterminate (unable to be classified as either male or female),MHS01,People in contact with services at the end of the reporting period,1278,1,2023,0
2023-01-03,31/03/2023,Final,England; Gender,England,England,UNKNOWN,UNKNOWN,MHS01,People in contact with services at the end of the reporting period,59456,1,2023,1
2023-01-03,31/03/2023,Final,England; IMD Decile,England,England,01 Most deprived,01 Most deprived,MHS01,People in contact with services at the end of the reporting period,256889,1,2023,1
2023-01-03,31/03/2023,Final,England; IMD Decile,England,England,02 More deprived,02 More deprived,MHS01,People in contact with services at the end of the reporting period,223605,1,2023,1
2023-01-03,31/03/2023,Final,England; IMD Decile,England,England,03 More deprived,03 More deprived,MHS01,People in contact with services at the end of the reporting period,205441,1,2023,1
2023-01-03,31/03/2023,Final,England; IMD Decile,England,England,04 More deprived,04 More deprived,MHS01,People in contact with services at the end of the reporting period,183823,1,2023,1
2023-01-03,31/03/2023,Final,England; IMD Decile,England,England,05 More deprived,05 More deprived,MHS01,People in contact with services at the end of the reporting period,168210,1,2023,1
2023-01-03,31/03/2023,Final,England; IMD Decile,England,England,06 Less deprived,06 Less deprived,MHS01,People in contact with services at the end of the reporting period,157764,1,2023,1
2023-01-03,31/03/2023,Final,England; IMD Decile,England,England,07 Less deprived,07 Less deprived,MHS01,People in contact with services at the end of the reporting period,145074,1,2023,0
2023-01-03,31/03/2023,Final,England; IMD Decile,England,England,08 Less deprived,08 Less deprived,MHS01,People in contact with services at the end of the reporting period,138645,1,2023,0
2023-01-03,31/03/2023,Final,England; IMD Decile,England,England,09 Less deprived,09 Less deprived,MHS01,People in contact with services at the end of the reporting period,130382,1,2023,0
2023-01-03,31/03/2023,Final,England; IMD Decile,England,England,10 Least deprived,10 Least deprived,MHS01,People in contact with services at the end of the reporting period,120003,1,2023,0
2023-01-03,31/03/2023,Final,England; IMD Decile,England,England,UNKNOWN,UNKNOWN,MHS01,People in contact with services at the end of the reporting period,31363,1,2023,0
2023-01-03,31/03/2023,Final,England; Sexual Orientation,England,England,Asexual (not sexually attracted to either gender),Asexual (not sexually attracted to either gender),MHS01,People in contact with services at the end of the reporting period,1191,1,2023,0
2023-01-03,31/03/2023,Final,England; Sexual Orientation,England,England,Bisexual,Bisexual,MHS01,People in contact with services at the end of the reporting period,7949,1,2023,0
2023-01-03,31/03/2023,Final,England; Sexual Orientation,England,England,Gay or Lesbian,Gay or Lesbian,MHS01,People in contact with services at the end of the reporting period,20186,1,2023,0
2023-01-03,31/03/2023,Final,England; Sexual Orientation,England,England,Heterosexual or Straight,Heterosexual or Straight,MHS01,People in contact with services at the end of the reporting period,205535,1,2023,1
2023-01-03,31/03/2023,Final,England; Sexual Orientation,England,England,Not Stated (Person asked but declined to provide a response),Not Stated (Person asked but declined to provide a response),MHS01,People in contact with services at the end of the reporting period,31677,1,2023,1
2023-01-03,31/03/2023,Final,England; Sexual Orientation,England,England,Not known (not recorded),Not known (not recorded),MHS01,People in contact with services at the end of the reporting period,189695,1,2023,1
2023-01-03,31/03/2023,Final,England; Sexual Orientation,England,England,Person asked and does not know or is not sure,Person asked and does not know or is not sure,MHS01,People in contact with services at the end of the reporting period,3238,1,2023,0
2023-01-03,31/03/2023,Final,England; Sexual Orientation,England,England,UNKNOWN,UNKNOWN,MHS01,People in contact with services at the end of the reporting period,1301740,1,2023,1
